pl_hostname,pl_letter,pl_name,pl_discmethod,pl_controvflag,pl_pnum,pl_orbper,pl_orbpererr1,pl_orbpererr2,pl_orbperlim,pl_orbpern,pl_orbsmax,pl_orbsmaxerr1,pl_orbsmaxerr2,pl_orbsmaxlim,pl_orbsmaxn,pl_orbeccen,pl_orbeccenerr1,pl_orbeccenerr2,pl_orbeccenlim,pl_orbeccenn,pl_orbincl,pl_orbinclerr1,pl_orbinclerr2,pl_orbincllim,pl_orbincln,pl_bmassj,pl_bmassjerr1,pl_bmassjerr2,pl_bmassjlim,pl_bmassn,pl_bmassprov,pl_radj,pl_radjerr1,pl_radjerr2,pl_radjlim,pl_radn,pl_dens,pl_denserr1,pl_denserr2,pl_denslim,pl_densn,pl_ttvflag,pl_kepflag,pl_k2flag,ra_str,dec_str,ra,st_raerr,dec,st_decerr,st_posn,st_dist,st_disterr1,st_disterr2,st_distlim,st_distn,st_optmag,st_optmagerr,st_optmaglim,st_optband,gaia_gmag,gaia_gmagerr,gaia_gmaglim,st_teff,st_tefferr1,st_tefferr2,st_tefflim,st_teffn,st_mass,st_masserr1,st_masserr2,st_masslim,st_massn,st_rad,st_raderr1,st_raderr2,st_radlim,st_radn,pl_nnotes,rowupdate,pl_facility
Kepler-150,d,Kepler-150 d,Transit,0,5,12.56093,3.60E-05,-3.60E-05,0,4,0.104,,,0,1,,,,,0,,,,,0,,,,,0,,0.249,0.037,-0.037,0,3,,,,,0,0,1,0,19h12m56.18s,+40d31m15.3s,288.234084,1.90E-05,40.520905,1.70E-05,2,914.4,17.46,-17.46,0,3,14.985,,0,Kepler-band,14.974,,0,5560,100,-100,0,6,,,,,1,0.94,0.14,-0.14,0,6,1,5/14/2014,Kepler
Kepler-150,e,Kepler-150 e,Transit,0,5,30.826557,0.000199,-0.000199,0,4,0.189,,,0,1,,,,,0,,,,,0,,,,,0,,0.278,0.049,-0.049,0,3,,,,,0,0,1,0,19h12m56.18s,+40d31m15.3s,288.234084,1.90E-05,40.520905,1.70E-05,2,914.4,17.46,-17.46,0,3,14.985,,0,Kepler-band,14.974,,0,5560,100,-100,0,6,,,,,1,0.94,0.14,-0.14,0,6,1,5/14/2014,Kepler
Kepler-151,b,Kepler-151 b,Transit,0,2,15.228958,3.00E-05,-3.00E-05,0,4,0.116,,,0,1,,,,,0,,,,,0,,,,,0,,0.273,0.136,-0.136,0,3,,,,,0,0,1,0,19h28m39.07s,+41d01m23.6s,292.162778,1.70E-05,41.023235,1.70E-05,2,662.19,9.82,-9.82,0,3,14.769,,0,Kepler-band,14.719,,0,5460,200,-200,0,6,,,,,2,0.83,0.41,-0.41,0,6,1,5/14/2014,Kepler
Kepler-151,c,Kepler-151 c,Transit,0,2,24.674612,0.000106,-0.000106,0,4,0.16,,,0,1,,,,,0,,,,,0,,,,,0,,0.186,0.093,-0.093,0,3,,,,,0,0,1,0,19h28m39.07s,+41d01m23.6s,292.162778,1.70E-05,41.023235,1.70E-05,2,662.19,9.82,-9.82,0,3,14.769,,0,Kepler-band,14.719,,0,5460,200,-200,0,6,,,,,2,0.83,0.41,-0.41,0,6,1,5/14/2014,Kepler
Kepler-152,b,Kepler-152 b,Transit,0,2,18.207973,2.30E-05,-2.30E-05,0,4,0.124,,,0,1,,,,,0,,,,,0,,,,,0,,0.249,0.015,-0.015,0,3,,,,,0,0,1,0,19h07m27.71s,+41d59m20.7s,286.865479,2.20E-05,41.989086,1.70E-05,2,446.77,3.19,-3.19,0,3,14.29,,0,Kepler-band,14.244,,0,5088,100,-100,0,6,,,,,1,0.72,0.04,-0.04,0,6,1,5/14/2014,Kepler
Kepler-152,c,Kepler-152 c,Transit,0,2,88.255055,0.000309,-0.000309,0,4,0.356,,,0,1,,,,,0,,,,,0,,,,,0,,0.213,0.014,-0.014,0,3,,,,,0,0,1,0,19h07m27.71s,+41d59m20.7s,286.865479,2.20E-05,41.989086,1.70E-05,2,446.77,3.19,-3.19,0,3,14.29,,0,Kepler-band,14.244,,0,5088,100,-100,0,6,,,,,1,0.72,0.04,-0.04,0,6,1,5/14/2014,Kepler
Kepler-153,b,Kepler-153 b,Transit,0,2,18.870227,3.90E-05,-3.90E-05,0,4,0.129,,,0,1,,,,,0,,,,,0,,,,,0,,0.261,0.157,-0.157,0,3,,,,,0,0,1,0,18h49m50.53s,+48d15m25.6s,282.460522,1.90E-05,48.257118,1.70E-05,2,465.53,3.48,-3.48,0,3,14.262,,0,Kepler-band,14.249,,0,5404,200,-200,0,6,,,,,1,0.89,0.54,-0.54,0,6,1,5/14/2014,Kepler
Kepler-153,c,Kepler-153 c,Transit,0,2,46.90232,0.000215,-0.000215,0,4,0.237,,,0,1,,,,,0,,,,,0,,,,,0,,0.226,0.136,-0.136,0,3,,,,,0,0,1,0,18h49m50.53s,+48d15m25.6s,282.460522,1.90E-05,48.257118,1.70E-05,2,465.53,3.48,-3.48,0,3,14.262,,0,Kepler-band,14.249,,0,5404,200,-200,0,6,,,,,1,0.89,0.54,-0.54,0,6,1,5/14/2014,Kepler
Kepler-154,b,Kepler-154 b,Transit,0,5,33.040532,0.000215,-0.000215,0,4,0.198,,,0,1,,,,,0,,,,,0,,,,,0,,0.202,0.039,-0.039,0,3,,,,,0,0,1,0,19h19m07.33s,+49d53m47.5s,289.780522,2.20E-05,49.89653,1.70E-05,2,939.89,17.4,-17.4,0,3,14.534,,0,Kepler-band,14.512,,0,5690,108,-108,0,6,,,,,2,1,0.19,-0.19,0,6,1,5/14/2014,Kepler
Kepler-154,c,Kepler-154 c,Transit,0,5,62.303276,0.000406,-0.000406,0,3,0.303,,,0,1,,,,,0,,,,,0,,,,,0,,0.263,0.055,-0.055,0,3,,,,,0,0,1,0,19h19m07.33s,+49d53m47.5s,289.780522,2.20E-05,49.89653,1.70E-05,2,939.89,17.4,-17.4,0,3,14.534,,0,Kepler-band,14.512,,0,5690,108,-108,0,6,,,,,2,1,0.19,-0.19,0,6,1,5/14/2014,Kepler
Kepler-155,b,Kepler-155 b,Transit,0,2,5.931194,8.00E-06,-8.00E-06,0,6,0.056,,,0,3,,,,,0,,,,,1,,,,,0,,0.186,0.019,-0.019,0,4,,,,,1,0,1,0,19h13m59.00s,+51d04m55.0s,288.495833,1.70E-05,51.081947,1.70E-05,2,295.99,2.3,-2.3,0,3,14.258,,0,Kepler-band,14.24,,0,4508,100,-100,0,7,,,,,4,0.62,0.03,-0.03,0,7,1,5/14/2014,Kepler
Kepler-155,c,Kepler-155 c,Transit,0,2,52.661793,0.000236,-0.000236,0,7,0.242,,,0,2,,,,,0,,,,,1,,,,,0,,0.2,0.013,-0.013,0,4,,,,,1,0,1,0,19h13m59.00s,+51d04m55.0s,288.495833,1.70E-05,51.081947,1.70E-05,2,295.99,2.3,-2.3,0,3,14.258,,0,Kepler-band,14.24,,0,4508,100,-100,0,7,,,,,4,0.62,0.03,-0.03,0,7,1,5/14/2014,Kepler
Kepler-156,b,Kepler-156 b,Transit,0,2,4.973456,8.00E-06,-8.00E-06,0,4,0.054,,,0,1,,,,,0,,,,,0,,,,,0,,0.205,0.015,-0.015,0,3,,,,,0,0,1,0,19h21m11.16s,+37d44m58.2s,290.296515,1.90E-05,37.74949,1.70E-05,2,449.22,3.56,-3.56,0,3,14.172,,0,Kepler-band,14.156,,0,5094,100,-100,0,6,,,,,1,0.81,0.05,-0.05,0,6,1,5/14/2014,Kepler
Kepler-156,c,Kepler-156 c,Transit,0,2,15.906801,4.50E-05,-4.50E-05,0,4,0.117,,,0,1,,,,,0,,,,,0,,,,,0,,0.227,0.017,-0.017,0,3,,,,,0,0,1,0,19h21m11.16s,+37d44m58.2s,290.296515,1.90E-05,37.74949,1.70E-05,2,449.22,3.56,-3.56,0,3,14.172,,0,Kepler-band,14.156,,0,5094,100,-100,0,6,,,,,1,0.81,0.05,-0.05,0,6,1,5/14/2014,Kepler
Kepler-157,b,Kepler-157 b,Transit,0,3,1.732342,6.00E-06,-6.00E-06,0,3,0.028,,,0,1,,,,,0,,,,,0,,,,,0,,0.118,0.023,-0.023,0,3,,,,,0,0,1,0,19h24m23.33s,+38d52m32.2s,291.097225,1.90E-05,38.875609,1.70E-05,2,791.27,10.88,-10.88,0,3,14.002,,0,Kepler-band,14.037,,0,5774,125,-125,0,6,,,,,1,1.04,0.2,-0.2,0,6,1,5/14/2014,Kepler
Kepler-157,c,Kepler-157 c,Transit,0,3,13.5405,4.90E-05,-4.90E-05,0,4,0.11,,,0,1,,,,,0,,,,,0,,,,,0,,0.2,0.038,-0.038,0,3,,,,,0,0,1,0,19h24m23.33s,+38d52m32.2s,291.097225,1.90E-05,38.875609,1.70E-05,2,791.27,10.88,-10.88,0,3,14.002,,0,Kepler-band,14.037,,0,5774,125,-125,0,6,,,,,1,1.04,0.2,-0.2,0,6,1,5/14/2014,Kepler
Kepler-158,b,Kepler-158 b,Transit,0,2,16.709184,6.40E-05,-6.40E-05,0,4,0.111,,,0,1,,,,,0,,,,,0,,,,,0,,0.189,0.032,-0.032,0,3,,,,,0,0,1,0,18h56m07.74s,+39d46m52.9s,284.032244,1.90E-05,39.781348,1.70E-05,2,318.06,2.12,-2.12,0,3,14.427,,0,Kepler-band,14.417,,0,4623,200,-200,0,6,,,,,1,0.62,0.08,-0.08,0,6,1,5/14/2014,Kepler
Kepler-158,c,Kepler-158 c,Transit,0,2,28.551383,0.00014,-0.00014,0,4,0.158,,,0,1,,,,,0,,,,,0,,,,,0,,0.17,0.027,-0.027,0,3,,,,,0,0,1,0,18h56m07.74s,+39d46m52.9s,284.032244,1.90E-05,39.781348,1.70E-05,2,318.06,2.12,-2.12,0,3,14.427,,0,Kepler-band,14.417,,0,4623,200,-200,0,6,,,,,1,0.62,0.08,-0.08,0,6,1,5/14/2014,Kepler
Kepler-159,b,Kepler-159 b,Transit,0,2,10.139623,2.20E-05,-2.20E-05,0,5,0.082,,,0,2,,,,,0,,,,,0,,,,,0,,0.212,0.016,-0.016,0,4,,,,,0,1,1,0,19h48m16.84s,+40d52m07.6s,297.07017,1.70E-05,40.868784,1.70E-05,2,377.79,3.17,-3.17,0,3,14.902,,0,Kepler-band,14.888,,0,4625,100,-100,0,7,,,,,2,0.66,0.03,-0.03,0,7,1,5/14/2014,Kepler
Kepler-159,c,Kepler-159 c,Transit,0,2,43.595792,0.000125,-0.000125,0,4,0.218,,,0,2,,,,,0,,,,,0,,,,,0,,0.304,0.025,-0.025,0,4,,,,,0,1,1,0,19h48m16.84s,+40d52m07.6s,297.07017,1.70E-05,40.868784,1.70E-05,2,377.79,3.17,-3.17,0,3,14.902,,0,Kepler-band,14.888,,0,4625,100,-100,0,7,,,,,2,0.66,0.03,-0.03,0,7,1,5/14/2014,Kepler
Kepler-160,b,Kepler-160 b,Transit,0,2,4.309427,1.70E-05,-1.70E-05,0,4,0.05,,,0,1,,,,,0,,,,,0,,,,,0,,0.137,0.068,-0.068,0,3,,,,,0,0,1,0,19h11m05.66s,+42d52m09.4s,287.773581,1.70E-05,42.869286,1.70E-05,2,962.92,16.95,-16.95,0,3,14.619,,0,Kepler-band,14.616,,0,5857,200,-200,0,6,,,,,1,0.88,0.43,-0.43,0,6,1,5/14/2014,Kepler
Kepler-160,c,Kepler-160 c,Transit,0,2,13.699087,3.10E-05,-3.10E-05,0,3,0.109,,,0,1,,,,,0,,,,,0,,,,,0,,0.322,0.158,-0.158,0,3,,,,,0,1,1,0,19h11m05.66s,+42d52m09.4s,287.773581,1.70E-05,42.869286,1.70E-05,2,962.92,16.95,-16.95,0,3,14.619,,0,Kepler-band,14.616,,0,5857,200,-200,0,6,,,,,1,0.88,0.43,-0.43,0,6,1,5/14/2014,Kepler
Kepler-161,b,Kepler-161 b,Transit,0,2,4.921355,6.00E-06,-6.00E-06,0,5,0.054,,,0,1,,,,,0,,,,,0,,,,,1,,0.189,0.012,-0.012,0,4,,,,,0,0,1,0,19h22m03.96s,+43d05m01.8s,290.516491,1.70E-05,43.083824,1.70E-05,2,440.15,3.13,-3.13,0,3,14.196,,0,Kepler-band,14.192,,0,5078,100,-100,0,6,,,,,3,0.81,0.05,-0.05,0,7,1,5/14/2014,Kepler
Kepler-161,c,Kepler-161 c,Transit,0,2,7.06424,1.10E-05,-1.10E-05,0,4,0.068,,,0,1,,,,,0,,,,,0,,,,,1,,0.183,0.013,-0.013,0,4,,,,,0,1,1,0,19h22m03.96s,+43d05m01.8s,290.516491,1.70E-05,43.083824,1.70E-05,2,440.15,3.13,-3.13,0,3,14.196,,0,Kepler-band,14.192,,0,5078,100,-100,0,6,,,,,3,0.81,0.05,-0.05,0,7,1,5/14/2014,Kepler
Kepler-162,b,Kepler-162 b,Transit,0,2,6.919798,5.20E-05,-5.20E-05,0,3,0.069,,,0,1,,,,,0,,,,,0,,,,,0,,0.112,0.06,-0.06,0,3,,,,,0,0,1,0,19h49m06.94s,+43d43m26.5s,297.27891,1.70E-05,43.724018,1.70E-05,2,877.01,15.4,-15.4,0,3,14.248,,0,Kepler-band,14.223,,0,5816,200,-200,0,6,,,,,1,0.96,0.51,-0.51,0,6,1,5/14/2014,Kepler
Kepler-162,c,Kepler-162 c,Transit,0,2,19.446355,4.50E-05,-4.50E-05,0,4,0.137,,,0,1,,,,,0,,,,,0,,,,,0,,0.27,0.145,-0.145,0,3,,,,,0,0,1,0,19h49m06.94s,+43d43m26.5s,297.27891,1.70E-05,43.724018,1.70E-05,2,877.01,15.4,-15.4,0,3,14.248,,0,Kepler-band,14.223,,0,5816,200,-200,0,6,,,,,1,0.96,0.51,-0.51,0,6,1,5/14/2014,Kepler
Kepler-163,b,Kepler-163 b,Transit,0,2,7.810937,0.000107,-0.000107,0,3,0.078,,,0,1,,,,,0,,,,,0,,,,,0,,0.094,0.039,-0.039,0,3,,,,,0,0,1,0,19h40m00.68s,+46d59m14.4s,295.002819,1.90E-05,46.987328,1.70E-05,2,703.69,10.19,-10.19,0,3,14.415,,0,Kepler-band,14.38,,0,5776,200,-200,0,6,,,,,2,0.92,0.38,-0.38,0,6,1,5/14/2014,Kepler
Kepler-163,c,Kepler-163 c,Transit,0,2,21.347262,8.10E-05,-8.10E-05,0,4,0.152,,,0,1,,,,,0,,,,,0,,,,,0,,0.202,0.084,-0.084,0,3,,,,,0,0,1,0,19h40m00.68s,+46d59m14.4s,295.002819,1.90E-05,46.987328,1.70E-05,2,703.69,10.19,-10.19,0,3,14.415,,0,Kepler-band,14.38,,0,5776,200,-200,0,6,,,,,2,0.92,0.38,-0.38,0,6,1,5/14/2014,Kepler
Kepler-164,b,Kepler-164 b,Transit,0,3,5.03503,2.70E-05,-2.70E-05,0,3,0.058,,,0,1,,,,,0,,,,,0,,,,,0,,0.126,0.025,-0.025,0,3,,,,,0,0,1,0,19h11m07.40s,+47d37m47.7s,287.780828,1.90E-05,47.629913,1.70E-05,2,914.18,14.09,-14.09,0,3,14.282,,0,Kepler-band,14.233,,0,5888,113,-113,0,6,,,,,2,1.15,0.22,-0.22,0,6,1,5/14/2014,Kepler
Kepler-164,c,Kepler-164 c,Transit,0,3,10.945723,2.90E-05,-2.90E-05,0,4,0.097,,,0,1,,,,,0,,,,,0,,,,,0,,0.244,0.046,-0.046,0,3,,,,,0,0,1,0,19h11m07.40s,+47d37m47.7s,287.780828,1.90E-05,47.629913,1.70E-05,2,914.18,14.09,-14.09,0,3,14.282,,0,Kepler-band,14.233,,0,5888,113,-113,0,6,,,,,2,1.15,0.22,-0.22,0,6,1,5/14/2014,Kepler
Kepler-164,d,Kepler-164 d,Transit,0,3,28.986769,0.000162,-0.000162,0,4,0.187,,,0,1,,,,,0,,,,,0,,,,,0,,0.219,0.042,-0.042,0,3,,,,,0,0,1,0,19h11m07.40s,+47d37m47.7s,287.780828,1.90E-05,47.629913,1.70E-05,2,914.18,14.09,-14.09,0,3,14.282,,0,Kepler-band,14.233,,0,5888,113,-113,0,6,,,,,2,1.15,0.22,-0.22,0,6,1,5/14/2014,Kepler
Kepler-165,b,Kepler-165 b,Transit,0,2,8.180848,2.60E-05,-2.60E-05,0,4,0.072,,,0,1,,,,,0,,,,,0,,,,,0,,0.207,0.126,-0.126,0,3,,,,,0,0,1,0,18h42m45.84s,+47d48m35.0s,280.691016,1.70E-05,47.809735,1.70E-05,2,570.07,6.42,-6.42,0,3,14.802,,0,Kepler-band,14.794,,0,5211,200,-200,0,7,,,,,1,0.77,0.47,-0.47,0,6,1,5/14/2014,Kepler
Kepler-165,c,Kepler-165 c,Transit,0,2,15.31299,5.70E-05,-5.70E-05,0,4,0.11,,,0,1,,,,,0,,,,,0,,,,,0,,0.199,0.12,-0.12,0,3,,,,,0,0,1,0,18h42m45.84s,+47d48m35.0s,280.691016,1.70E-05,47.809735,1.70E-05,2,570.07,6.42,-6.42,0,3,14.802,,0,Kepler-band,14.794,,0,5211,200,-200,0,7,,,,,1,0.77,0.47,-0.47,0,6,1,5/14/2014,Kepler
Kepler-166,b,Kepler-166 b,Transit,0,3,7.650254,1.20E-05,-1.20E-05,0,4,0.072,,,0,1,,,,,0,,,,,0,,,,,0,,0.203,0.104,-0.104,0,3,,,,,0,0,1,0,19h32m38.44s,+48d52m52.3s,293.160171,1.70E-05,48.881191,1.70E-05,2,614.16,7.56,-7.56,0,3,14.701,,0,Kepler-band,14.685,,0,5413,200,-200,0,6,,,,,1,0.74,0.38,-0.38,0,6,1,5/14/2014,Kepler
Kepler-166,c,Kepler-166 c,Transit,0,3,34.260281,0.000124,-0.000124,0,4,0.195,,,0,1,,,,,0,,,,,0,,,,,0,,0.212,0.11,-0.11,0,3,,,,,0,1,1,0,19h32m38.44s,+48d52m52.3s,293.160171,1.70E-05,48.881191,1.70E-05,2,614.16,7.56,-7.56,0,3,14.701,,0,Kepler-band,14.685,,0,5413,200,-200,0,6,,,,,1,0.74,0.38,-0.38,0,6,1,5/14/2014,Kepler
Kepler-167,b,Kepler-167 b,Transit,0,4,4.3931632,4.60E-06,-4.50E-06,0,5,0.0483,0.0017,-0.0025,0,2,0,,,0,1,89.33,0.47,-0.8,0,1,,,,,0,,0.144,0.004,-0.004,0,4,,,,,0,0,1,0,19h30m38.03s,+38d20m43.5s,292.658441,1.70E-05,38.345413,1.70E-05,2,330,10,-10,0,4,14.023,,0,Kepler-band,14,,0,4890,50,-50,0,7,0.77,0.02,-0.03,0,3,0.73,0.02,-0.01,0,7,1,3/10/2016,Kepler
Kepler-167,c,Kepler-167 c,Transit,0,4,7.406114,1.20E-05,-1.10E-05,0,5,0.0684,0.024,-0.0035,0,2,0,,,0,1,89.3,0.36,-0.43,0,1,,,,,0,,0.138,0.004,-0.004,0,4,,,,,0,0,1,0,19h30m38.03s,+38d20m43.5s,292.658441,1.70E-05,38.345413,1.70E-05,2,330,10,-10,0,4,14.023,,0,Kepler-band,14,,0,4890,50,-50,0,7,0.77,0.02,-0.03,0,3,0.73,0.02,-0.01,0,7,1,3/10/2016,Kepler
Kepler-168,b,Kepler-168 b,Transit,0,2,4.425391,3.30E-05,-3.30E-05,0,3,0.056,,,0,1,,,,,0,,,,,0,,,,,0,,0.13,0.059,-0.059,0,3,,,,,0,0,1,0,19h38m50.44s,+39d49m30.4s,294.710165,1.90E-05,39.825104,1.70E-05,2,1396,48.15,-48.15,0,3,14.606,,0,Kepler-band,14.605,,0,6282,200,-200,0,6,,,,,1,1.11,0.5,-0.5,0,6,1,5/14/2014,Kepler
Kepler-168,c,Kepler-168 c,Transit,0,2,13.193242,4.90E-05,-4.90E-05,0,4,0.116,,,0,1,,,,,0,,,,,0,,,,,0,,0.24,0.108,-0.108,0,3,,,,,0,0,1,0,19h38m50.44s,+39d49m30.4s,294.710165,1.90E-05,39.825104,1.70E-05,2,1396,48.15,-48.15,0,3,14.606,,0,Kepler-band,14.605,,0,6282,200,-200,0,6,,,,,1,1.11,0.5,-0.5,0,6,1,5/14/2014,Kepler
Kepler-169,b,Kepler-169 b,Transit,0,5,3.250619,1.30E-05,-1.30E-05,0,3,0.04,,,0,1,,,,,0,,,,,0,,,,,0,,0.101,0.007,-0.007,0,3,,,,,0,0,1,0,19h03m59.97s,+40d55m09.6s,285.999891,1.70E-05,40.919329,1.70E-05,2,411.34,3.05,-3.05,0,3,14.194,,0,Kepler-band,14.162,,0,4997,100,-100,0,6,,,,,2,0.76,0.05,-0.05,0,6,1,5/14/2014,Kepler
Kepler-169,c,Kepler-169 c,Transit,0,5,6.195469,2.90E-05,-2.90E-05,0,4,0.062,,,0,1,,,,,0,,,,,0,,,,,0,,0.108,0.007,-0.007,0,3,,,,,0,0,1,0,19h03m59.97s,+40d55m09.6s,285.999891,1.70E-05,40.919329,1.70E-05,2,411.34,3.05,-3.05,0,3,14.194,,0,Kepler-band,14.162,,0,4997,100,-100,0,6,,,,,2,0.76,0.05,-0.05,0,6,1,5/14/2014,Kepler
Kepler-169,d,Kepler-169 d,Transit,0,5,8.348125,4.10E-05,-4.10E-05,0,4,0.075,,,0,1,,,,,0,,,,,0,,,,,0,,0.112,0.008,-0.008,0,3,,,,,0,0,1,0,19h03m59.97s,+40d55m09.6s,285.999891,1.70E-05,40.919329,1.70E-05,2,411.34,3.05,-3.05,0,3,14.194,,0,Kepler-band,14.162,,0,4997,100,-100,0,6,,,,,2,0.76,0.05,-0.05,0,6,1,5/14/2014,Kepler
Kepler-169,e,Kepler-169 e,Transit,0,5,13.767102,3.40E-05,-3.40E-05,0,4,0.105,,,0,1,,,,,0,,,,,0,,,,,0,,0.196,0.026,-0.026,0,3,,,,,0,0,1,0,19h03m59.97s,+40d55m09.6s,285.999891,1.70E-05,40.919329,1.70E-05,2,411.34,3.05,-3.05,0,3,14.194,,0,Kepler-band,14.162,,0,4997,100,-100,0,6,,,,,2,0.76,0.05,-0.05,0,6,1,5/14/2014,Kepler
Kepler-169,f,Kepler-169 f,Transit,0,5,87.090195,0.000406,-0.000406,0,4,0.359,,,0,1,,,,,0,,,,,0,,,,,0,,0.23,0.021,-0.021,0,3,,,,,0,0,1,0,19h03m59.97s,+40d55m09.6s,285.999891,1.70E-05,40.919329,1.70E-05,2,411.34,3.05,-3.05,0,3,14.194,,0,Kepler-band,14.162,,0,4997,100,-100,0,6,,,,,2,0.76,0.05,-0.05,0,6,1,5/14/2014,Kepler
Kepler-170,b,Kepler-170 b,Transit,0,2,7.930592,1.40E-05,-1.40E-05,0,5,0.08,,,0,1,,,,,0,,,,,0,,,,,1,,0.285,0.02,-0.02,0,4,,,,,0,0,1,0,18h58m05.09s,+41d37m46.6s,284.521193,1.70E-05,41.629604,1.70E-05,2,754.64,11.28,-11.28,0,3,14.387,,0,Kepler-band,14.347,,0,5679,57,-57,0,6,,,,,2,1.03,0.06,-0.06,0,7,1,5/14/2014,Kepler
Kepler-170,c,Kepler-170 c,Transit,0,2,16.665863,5.30E-05,-5.30E-05,0,5,0.131,,,0,1,,,,,0,,,,,0,,,,,0,,0.255,0.015,-0.015,0,3,,,,,0,0,1,0,18h58m05.09s,+41d37m46.6s,284.521193,1.70E-05,41.629604,1.70E-05,2,754.64,11.28,-11.28,0,3,14.387,,0,Kepler-band,14.347,,0,5679,57,-57,0,6,,,,,2,1.03,0.06,-0.06,0,7,1,5/14/2014,Kepler
Kepler-171,b,Kepler-171 b,Transit,0,3,4.166972,7.00E-06,-7.00E-06,0,4,0.05,,,0,1,,,,,0,,,,,0,,,,,0,,0.209,0.094,-0.094,0,3,,,,,0,0,1,0,19h47m05.26s,+41d45m19.9s,296.771914,1.70E-05,41.755537,1.70E-05,2,885.43,19.1,-19.1,0,3,14.883,,0,Kepler-band,14.905,,0,5642,200,-200,0,6,,,,,1,0.84,0.38,-0.38,0,6,1,5/14/2014,Kepler
Kepler-171,c,Kepler-171 c,Transit,0,3,11.463462,2.60E-05,-2.60E-05,0,4,0.098,,,0,1,,,,,0,,,,,0,,,,,0,,0.228,0.103,-0.103,0,3,,,,,0,0,1,0,19h47m05.26s,+41d45m19.9s,296.771914,1.70E-05,41.755537,1.70E-05,2,885.43,19.1,-19.1,0,3,14.883,,0,Kepler-band,14.905,,0,5642,200,-200,0,6,,,,,1,0.84,0.38,-0.38,0,6,1,5/14/2014,Kepler
Kepler-171,d,Kepler-171 d,Transit,0,3,39.595519,0.000699,-0.000699,0,4,0.223,,,0,1,,,,,0,,,,,0,,,,,0,,0.169,0.08,-0.08,0,3,,,,,0,1,1,0,19h47m05.26s,+41d45m19.9s,296.771914,1.70E-05,41.755537,1.70E-05,2,885.43,19.1,-19.1,0,3,14.883,,0,Kepler-band,14.905,,0,5642,200,-200,0,6,,,,,1,0.84,0.38,-0.38,0,6,1,5/14/2014,Kepler
Kepler-172,b,Kepler-172 b,Transit,0,4,2.940309,7.00E-06,-7.00E-06,0,4,0.04,,,0,1,,,,,0,,,,,0,,,,,0,,0.21,0.037,-0.037,0,3,,,,,0,0,1,0,18h53m28.42s,+41d49m18.7s,283.368413,3.10E-05,41.821857,1.70E-05,2,848.56,18.83,-18.83,0,3,14.532,,0,Kepler-band,14.537,,0,5526,100,-100,0,6,,,,,2,1.08,0.19,-0.19,0,6,1,5/14/2014,Kepler
Kepler-172,c,Kepler-172 c,Transit,0,4,6.388996,2.00E-05,-2.00E-05,0,4,0.068,,,0,1,,,,,0,,,,,0,,,,,0,,0.255,0.047,-0.047,0,3,,,,,0,0,1,0,18h53m28.42s,+41d49m18.7s,283.368413,3.10E-05,41.821857,1.70E-05,2,848.56,18.83,-18.83,0,3,14.532,,0,Kepler-band,14.537,,0,5526,100,-100,0,6,,,,,2,1.08,0.19,-0.19,0,6,1,5/14/2014,Kepler
Kepler-172,d,Kepler-172 d,Transit,0,4,14.627119,0.000105,-0.000105,0,4,0.118,,,0,1,,,,,0,,,,,0,,,,,0,,0.201,0.036,-0.036,0,3,,,,,0,0,1,0,18h53m28.42s,+41d49m18.7s,283.368413,3.10E-05,41.821857,1.70E-05,2,848.56,18.83,-18.83,0,3,14.532,,0,Kepler-band,14.537,,0,5526,100,-100,0,6,,,,,2,1.08,0.19,-0.19,0,6,1,5/14/2014,Kepler
Kepler-172,e,Kepler-172 e,Transit,0,4,35.118736,0.000253,-0.000253,0,3,0.211,,,0,1,,,,,0,,,,,0,,,,,0,,0.246,0.05,-0.05,0,3,,,,,0,0,1,0,18h53m28.42s,+41d49m18.7s,283.368413,3.10E-05,41.821857,1.70E-05,2,848.56,18.83,-18.83,0,3,14.532,,0,Kepler-band,14.537,,0,5526,100,-100,0,6,,,,,2,1.08,0.19,-0.19,0,6,1,5/14/2014,Kepler
Kepler-173,b,Kepler-173 b,Transit,0,2,4.263742,2.10E-05,-2.10E-05,0,3,0.048,,,0,1,,,,,0,,,,,0,,,,,0,,0.115,0.057,-0.057,0,3,,,,,0,0,1,0,19h38m35.21s,+41d53m02.8s,294.646695,1.70E-05,41.884106,1.70E-05,2,853.39,15.43,-15.43,0,3,14.209,,0,Kepler-band,14.258,,0,6031,200,-200,0,6,,,,,2,0.95,0.47,-0.47,0,6,1,5/14/2014,Kepler
Kepler-173,c,Kepler-173 c,Transit,0,2,8.005777,1.50E-05,-1.50E-05,0,4,0.074,,,0,1,,,,,0,,,,,0,,,,,0,,0.217,0.108,-0.108,0,3,,,,,0,0,1,0,19h38m35.21s,+41d53m02.8s,294.646695,1.70E-05,41.884106,1.70E-05,2,853.39,15.43,-15.43,0,3,14.209,,0,Kepler-band,14.258,,0,6031,200,-200,0,6,,,,,2,0.95,0.47,-0.47,0,6,1,5/14/2014,Kepler
Kepler-174,b,Kepler-174 b,Transit,0,3,13.98179,2.40E-05,-2.40E-05,0,4,0.1,,,0,1,,,,,0,,,,,0,,,,,0,,0.175,0.01,-0.01,0,3,,,,,0,0,1,0,19h09m45.41s,+43d49m55.5s,287.439194,1.70E-05,43.832092,1.70E-05,2,389.07,2.72,-2.72,0,3,14.287,,0,Kepler-band,14.286,,0,4880,126,-126,0,6,,,,,1,0.62,0.03,-0.03,0,6,1,5/14/2014,Kepler
Kepler-174,c,Kepler-174 c,Transit,0,3,44.000529,0.000265,-0.000265,0,5,0.214,,,0,1,,,,,0,,,,,0,,,,,0,,0.133,0.008,-0.008,0,3,,,,,0,0,1,0,19h09m45.41s,+43d49m55.5s,287.439194,1.70E-05,43.832092,1.70E-05,2,389.07,2.72,-2.72,0,3,14.287,,0,Kepler-band,14.286,,0,4880,126,-126,0,6,,,,,1,0.62,0.03,-0.03,0,6,1,5/14/2014,Kepler
Kepler-174,d,Kepler-174 d,Transit,0,3,247.35373,0.002001,-0.002001,0,5,0.677,,,0,1,,,,,0,,,,,0,,,,,0,,0.195,0.012,-0.012,0,3,,,,,0,0,1,0,19h09m45.41s,+43d49m55.5s,287.439194,1.70E-05,43.832092,1.70E-05,2,389.07,2.72,-2.72,0,3,14.287,,0,Kepler-band,14.286,,0,4880,126,-126,0,6,,,,,1,0.62,0.03,-0.03,0,6,1,5/14/2014,Kepler
Kepler-175,b,Kepler-175 b,Transit,0,2,11.903515,4.60E-05,-4.60E-05,0,4,0.105,,,0,1,,,,,0,,,,,0,,,,,0,,0.228,0.114,-0.114,0,3,,,,,0,0,1,0,19h18m12.79s,+43d52m34.3s,289.553283,1.70E-05,43.876183,1.70E-05,2,1363.39,46.96,-46.96,0,3,14.939,,0,Kepler-band,14.911,,0,6064,200,-200,0,6,,,,,2,1.01,0.5,-0.5,0,6,1,5/14/2014,Kepler
Kepler-175,c,Kepler-175 c,Transit,0,2,34.035257,0.000279,-0.000279,0,4,0.213,,,0,1,,,,,0,,,,,0,,,,,0,,0.277,0.139,-0.139,0,3,,,,,0,0,1,0,19h18m12.79s,+43d52m34.3s,289.553283,1.70E-05,43.876183,1.70E-05,2,1363.39,46.96,-46.96,0,3,14.939,,0,Kepler-band,14.911,,0,6064,200,-200,0,6,,,,,2,1.01,0.5,-0.5,0,6,1,5/14/2014,Kepler
Kepler-176,b,Kepler-176 b,Transit,0,4,5.433074,2.40E-05,-2.40E-05,0,4,0.058,,,0,1,,,,,0,,,,,0,,,,,0,,0.128,0.065,-0.065,0,3,,,,,0,0,1,0,19h38m40.31s,+43d51m11.7s,294.667956,1.70E-05,43.853259,1.70E-05,2,535.4,6.13,-6.13,0,3,14.55,,0,Kepler-band,14.545,,0,5232,200,-200,0,6,,,,,2,0.89,0.46,-0.46,0,7,1,5/14/2014,Kepler
Kepler-176,c,Kepler-176 c,Transit,0,4,12.759712,3.30E-05,-3.30E-05,0,4,0.102,,,0,1,,,,,0,,,,,0,,,,,1,,0.232,0.119,-0.119,0,4,,,,,0,1,1,0,19h38m40.31s,+43d51m11.7s,294.667956,1.70E-05,43.853259,1.70E-05,2,535.4,6.13,-6.13,0,3,14.55,,0,Kepler-band,14.545,,0,5232,200,-200,0,6,,,,,2,0.89,0.46,-0.46,0,7,1,5/14/2014,Kepler
Kepler-176,d,Kepler-176 d,Transit,0,4,25.751974,0.000115,-0.000115,0,4,0.163,,,0,1,,,,,0,,,,,0,,,,,1,,0.224,0.118,-0.118,0,4,,,,,0,1,1,0,19h38m40.31s,+43d51m11.7s,294.667956,1.70E-05,43.853259,1.70E-05,2,535.4,6.13,-6.13,0,3,14.55,,0,Kepler-band,14.545,,0,5232,200,-200,0,6,,,,,2,0.89,0.46,-0.46,0,7,1,5/14/2014,Kepler
Kepler-177,b,Kepler-177 b,Transit,0,2,36.855,,,0,4,,,,,0,,,,,0,,,,,0,0.006,0.002,-0.001,0,2,Mass,0.259,0.136,-0.027,0,4,,,,,1,1,1,0,19h04m11.31s,+45d03m11.5s,286.047132,1.70E-05,45.053207,1.70E-05,2,1497.42,44.23,-44.23,0,3,15,,0,Kepler-band,14.941,,0,5942,,,0,5,,,,,3,1.05,,,0,6,1,5/14/2014,Kepler
Kepler-177,c,Kepler-177 c,Transit,0,2,49.412,,,0,4,,,,,0,,,,,0,,,,,0,0.024,0.011,-0.01,0,2,Mass,0.633,0.331,-0.064,0,4,,,,,1,1,1,0,19h04m11.31s,+45d03m11.5s,286.047132,1.70E-05,45.053207,1.70E-05,2,1497.42,44.23,-44.23,0,3,15,,0,Kepler-band,14.941,,0,5942,,,0,5,,,,,3,1.05,,,0,6,1,5/14/2014,Kepler
Kepler-178,b,Kepler-178 b,Transit,0,3,9.576694,2.10E-05,-2.10E-05,0,4,0.085,,,0,1,,,,,0,,,,,0,,,,,0,,0.259,0.112,-0.112,0,3,,,,,0,0,1,0,19h08m24.26s,+46d53m47.3s,287.101089,2.20E-05,46.896477,1.70E-05,2,731.04,10.58,-10.58,0,3,14.598,,0,Kepler-band,14.578,,0,5676,200,-200,0,6,,,,,1,1.07,0.45,-0.45,0,6,1,5/14/2014,Kepler
Kepler-178,c,Kepler-178 c,Transit,0,3,20.552802,6.60E-05,-6.60E-05,0,4,0.142,,,0,1,,,,,0,,,,,0,,,,,0,,0.257,0.11,-0.11,0,3,,,,,0,0,1,0,19h08m24.26s,+46d53m47.3s,287.101089,2.20E-05,46.896477,1.70E-05,2,731.04,10.58,-10.58,0,3,14.598,,0,Kepler-band,14.578,,0,5676,200,-200,0,6,,,,,1,1.07,0.45,-0.45,0,6,1,5/14/2014,Kepler
Kepler-178,d,Kepler-178 d,Transit,0,3,96.678988,0.000702,-0.000702,0,3,0.397,,,0,1,,,,,0,,,,,0,,,,,0,,0.352,0.152,-0.152,0,3,,,,,0,1,1,0,19h08m24.26s,+46d53m47.3s,287.101089,2.20E-05,46.896477,1.70E-05,2,731.04,10.58,-10.58,0,3,14.598,,0,Kepler-band,14.578,,0,5676,200,-200,0,6,,,,,1,1.07,0.45,-0.45,0,6,1,5/14/2014,Kepler
Kepler-179,b,Kepler-179 b,Transit,0,2,2.735926,8.00E-06,-8.00E-06,0,4,0.036,,,0,1,,,,,0,,,,,0,,,,,0,,0.146,0.061,-0.061,0,3,,,,,0,0,1,0,19h54m39.30s,+47d45m43.4s,298.663735,1.70E-05,47.762043,1.70E-05,2,616.39,6.75,-6.75,0,3,14.613,,0,Kepler-band,14.603,,0,5302,200,-200,0,7,,,,,1,0.76,0.31,-0.31,0,6,1,5/14/2014,Kepler
Kepler-115,b,Kepler-115 b,Transit,0,2,2.403679,1.20E-05,-1.20E-05,0,3,0.036,,,0,1,,,,,0,,,,,0,,,,,0,,0.097,0.019,-0.019,0,3,,,,,0,0,1,0,19h50m50.84s,+45d15m42.9s,297.711849,1.90E-05,45.261925,1.70E-05,2,634.97,7.15,-7.15,0,3,13.431,,0,Kepler-band,13.392,,0,5979,132,-132,0,6,,,,,2,1.21,0.23,-0.23,0,6,1,5/14/2014,Kepler
Kepler-115,c,Kepler-115 c,Transit,0,2,8.990889,2.10E-05,-2.10E-05,0,4,0.087,,,0,1,,,,,0,,,,,0,,,,,0,,0.232,0.045,-0.045,0,3,,,,,0,0,1,0,19h50m50.84s,+45d15m42.9s,297.711849,1.90E-05,45.261925,1.70E-05,2,634.97,7.15,-7.15,0,3,13.431,,0,Kepler-band,13.392,,0,5979,132,-132,0,6,,,,,2,1.21,0.23,-0.23,0,6,1,5/14/2014,Kepler
Kepler-116,b,Kepler-116 b,Transit,0,2,5.968734,9.00E-06,-9.00E-06,0,4,0.069,,,0,1,,,,,0,,,,,0,,,,,0,,0.305,0.058,-0.058,0,3,,,,,0,0,1,0,19h38m58.10s,+43d32m12.6s,294.74207,1.70E-05,43.536835,1.70E-05,2,982.04,16.07,-16.07,0,3,13.717,,0,Kepler-band,13.689,,0,6142,100,-100,0,6,,,,,2,1.45,0.27,-0.27,0,6,1,5/14/2014,Kepler
Kepler-116,c,Kepler-116 c,Transit,0,2,13.07163,5.60E-05,-5.60E-05,0,4,0.116,,,0,1,,,,,0,,,,,0,,,,,0,,0.205,0.039,-0.039,0,3,,,,,0,0,1,0,19h38m58.10s,+43d32m12.6s,294.74207,1.70E-05,43.536835,1.70E-05,2,982.04,16.07,-16.07,0,3,13.717,,0,Kepler-band,13.689,,0,6142,100,-100,0,6,,,,,2,1.45,0.27,-0.27,0,6,1,5/14/2014,Kepler
Kepler-117,b,Kepler-117 b,Transit,0,2,18.7959228,7.50E-06,-7.50E-06,0,6,0.1445,0.0047,-0.0014,0,2,0.0493,0.0062,-0.0062,0,1,88.74,0.12,-0.12,0,1,0.094,0.033,-0.033,0,1,Mass,0.719,0.024,-0.024,0,4,0.3,0.11,-0.11,0,1,0,1,0,19h15m10.33s,+48d02m24.8s,288.793037,1.70E-05,48.040234,1.70E-05,2,1430,50,-50,0,4,14.274,,0,Kepler-band,14.247,,0,6150,110,-110,0,7,1.13,0.13,-0.02,0,2,1.61,0.05,-0.05,0,7,1,11/19/2014,Kepler
Kepler-117,c,Kepler-117 c,Transit,0,2,50.790391,1.40E-05,-1.40E-05,0,5,0.2804,0.0092,-0.0028,0,2,0.0323,0.0033,-0.0033,0,1,89.64,0.1,-0.1,0,1,1.84,0.18,-0.18,0,1,Mass,1.101,0.035,-0.035,0,4,1.74,0.18,-0.18,,1,0,1,0,19h15m10.33s,+48d02m24.8s,288.793037,1.70E-05,48.040234,1.70E-05,2,1430,50,-50,0,4,14.274,,0,Kepler-band,14.247,,0,6150,110,-110,0,7,1.13,0.13,-0.02,0,2,1.61,0.05,-0.05,0,7,1,11/19/2014,Kepler
Kepler-118,b,Kepler-118 b,Transit,0,2,7.518496,5.60E-05,-5.60E-05,0,3,0.073,,,0,1,,,,,0,,,,,0,,,,,0,,0.175,0.084,-0.084,0,3,,,,,0,0,1,0,19h56m51.16s,+41d25m29.4s,299.213164,1.90E-05,41.424824,1.70E-05,2,583.81,7,-7,0,3,14.711,,0,Kepler-band,14.719,,0,5274,200,-200,0,6,,,,,2,1.09,0.49,-0.49,0,6,1,5/14/2014,Kepler
Kepler-118,c,Kepler-118 c,Transit,0,2,20.17202,1.30E-05,-1.30E-05,0,4,0.141,,,0,1,,,,,0,,,,,0,,,,,0,,0.685,0.306,-0.306,0,3,,,,,0,0,1,0,19h56m51.16s,+41d25m29.4s,299.213164,1.90E-05,41.424824,1.70E-05,2,583.81,7,-7,0,3,14.711,,0,Kepler-band,14.719,,0,5274,200,-200,0,6,,,,,2,1.09,0.49,-0.49,0,6,1,5/14/2014,Kepler
Kepler-119,b,Kepler-119 b,Transit,0,2,2.422082,1.00E-06,-1.00E-06,0,4,0.035,,,0,1,,,,,0,,,,,0,,,,,0,,0.321,0.122,-0.122,0,3,,,,,0,0,1,0,19h43m47.14s,+42d39m32.1s,295.946421,1.70E-05,42.658924,1.70E-05,2,716.23,12.65,-12.65,0,3,14.236,,0,Kepler-band,14.2,,0,5595,200,-200,0,6,,,,,1,0.84,0.32,-0.32,0,6,1,5/14/2014,Kepler
Kepler-119,c,Kepler-119 c,Transit,0,2,4.125103,2.80E-05,-2.80E-05,0,2,0.049,,,0,1,,,,,0,,,,,0,,,,,0,,0.082,0.031,-0.031,0,3,,,,,0,0,1,0,19h43m47.14s,+42d39m32.1s,295.946421,1.70E-05,42.658924,1.70E-05,2,716.23,12.65,-12.65,0,3,14.236,,0,Kepler-band,14.2,,0,5595,200,-200,0,6,,,,,1,0.84,0.32,-0.32,0,6,1,5/14/2014,Kepler
Kepler-120,b,Kepler-120 b,Transit,0,2,6.312501,8.00E-06,-8.00E-06,0,6,0.055,,,0,2,,,,,0,,,,,0,,,,,1,,0.192,0.015,-0.015,0,5,,,,,0,0,1,0,19h11m33.99s,+39d20m20.8s,287.891632,1.70E-05,39.339124,1.70E-05,2,393.02,3.26,-3.26,0,3,14.735,,0,Kepler-band,14.719,,0,4096,150,-150,0,7,,,,,3,0.53,0.03,-0.03,0,8,1,5/14/2014,Kepler
Kepler-120,c,Kepler-120 c,Transit,0,2,12.794585,4.40E-05,-4.40E-05,0,6,0.088,,,0,2,,,,,0,,,,,0,,,,,0,,0.136,0.008,-0.008,0,4,,,,,0,0,1,0,19h11m33.99s,+39d20m20.8s,287.891632,1.70E-05,39.339124,1.70E-05,2,393.02,3.26,-3.26,0,3,14.735,,0,Kepler-band,14.719,,0,4096,150,-150,0,7,,,,,3,0.53,0.03,-0.03,0,8,1,5/14/2014,Kepler
Kepler-121,b,Kepler-121 b,Transit,0,2,3.177422,3.00E-06,-3.00E-06,0,4,0.039,,,0,1,,,,,0,,,,,0,,,,,0,,0.209,0.113,-0.113,0,3,,,,,0,0,1,0,19h04m38.90s,+39d40m40.8s,286.162064,1.70E-05,39.677995,1.70E-05,2,518.09,6.23,-6.23,0,3,14.708,,0,Kepler-band,14.677,,0,5311,200,-200,0,6,,,,,1,0.7,0.38,-0.38,0,6,1,5/14/2014,Kepler
Kepler-121,c,Kepler-121 c,Transit,0,2,41.008011,0.000191,-0.000191,0,4,0.216,,,0,1,,,,,0,,,,,0,,,,,0,,0.203,0.112,-0.112,0,3,,,,,0,0,1,0,19h04m38.90s,+39d40m40.8s,286.162064,1.70E-05,39.677995,1.70E-05,2,518.09,6.23,-6.23,0,3,14.708,,0,Kepler-band,14.677,,0,5311,200,-200,0,6,,,,,1,0.7,0.38,-0.38,0,6,1,5/14/2014,Kepler
Kepler-122,b,Kepler-122 b,Transit,0,5,5.766193,1.60E-05,-1.60E-05,0,4,0.064,,,0,1,,,,,0,,,,,0,,,,,0,,0.209,0.041,-0.041,0,3,,,,,0,0,1,0,19h24m26.85s,+39d56m56.8s,291.111883,1.90E-05,39.949104,1.70E-05,2,1058.58,19.99,-19.99,0,3,14.247,,0,Kepler-band,14.222,,0,6050,137,-137,0,6,,,,,3,1.22,0.24,-0.24,0,7,1,5/14/2014,Kepler
Kepler-122,c,Kepler-122 c,Transit,0,5,12.465988,9.00E-06,-9.00E-06,0,4,0.108,,,0,1,,,,,0,,,,,0,,,,,0,,0.524,0.103,-0.103,0,3,,,,,0,0,1,0,19h24m26.85s,+39d56m56.8s,291.111883,1.90E-05,39.949104,1.70E-05,2,1058.58,19.99,-19.99,0,3,14.247,,0,Kepler-band,14.222,,0,6050,137,-137,0,6,,,,,3,1.22,0.24,-0.24,0,7,1,5/14/2014,Kepler
Kepler-122,d,Kepler-122 d,Transit,0,5,21.587475,0.000164,-0.000164,0,4,0.155,,,0,1,,,,,0,,,,,0,,,,,0,,0.196,0.039,-0.039,0,3,,,,,0,0,1,0,19h24m26.85s,+39d56m56.8s,291.111883,1.90E-05,39.949104,1.70E-05,2,1058.58,19.99,-19.99,0,3,14.247,,0,Kepler-band,14.222,,0,6050,137,-137,0,6,,,,,3,1.22,0.24,-0.24,0,7,1,5/14/2014,Kepler
Kepler-122,e,Kepler-122 e,Transit,0,5,37.993273,0.00039,-0.00039,0,5,0.227,,,0,1,,,,,0,,,,,0,,,,,1,,0.232,0.048,-0.048,0,4,,,,,0,1,1,0,19h24m26.85s,+39d56m56.8s,291.111883,1.90E-05,39.949104,1.70E-05,2,1058.58,19.99,-19.99,0,3,14.247,,0,Kepler-band,14.222,,0,6050,137,-137,0,6,,,,,3,1.22,0.24,-0.24,0,7,1,5/14/2014,Kepler
Kepler-122,f,Kepler-122 f,Transit Timing Variations,0,5,56.268,,,0,3,,,,,0,,,,,0,,,,,0,0.113,0.061,-0.051,0,1,Mass,0.156,0.054,-0.014,0,3,,,,,0,1,1,0,19h24m26.85s,+39d56m56.8s,291.111883,1.90E-05,39.949104,1.70E-05,2,1058.58,19.99,-19.99,0,3,14.247,,0,Kepler-band,14.222,,0,6050,137,-137,0,6,,,,,3,1.22,0.24,-0.24,0,7,1,5/28/2014,Kepler
Kepler-123,b,Kepler-123 b,Transit,0,2,17.232366,5.60E-05,-5.60E-05,0,5,0.135,,,0,1,,,,,0,,,,,0,,,,,1,,0.262,0.051,-0.051,0,4,,,,,0,0,1,0,19h47m59.67s,+42d46m55.0s,296.998621,1.70E-05,42.781956,1.70E-05,2,1052.14,23.21,-23.21,0,3,14.061,,0,Kepler-band,14.021,,0,6089,121,-121,0,6,,,,,3,1.26,0.24,-0.24,0,7,1,5/14/2014,Kepler
Kepler-123,c,Kepler-123 c,Transit,0,2,26.695074,0.000468,-0.000468,0,5,0.181,,,0,1,,,,,0,,,,,0,,,,,0,,0.132,0.027,-0.027,0,3,,,,,0,0,1,0,19h47m59.67s,+42d46m55.0s,296.998621,1.70E-05,42.781956,1.70E-05,2,1052.14,23.21,-23.21,0,3,14.061,,0,Kepler-band,14.021,,0,6089,121,-121,0,6,,,,,3,1.26,0.24,-0.24,0,7,1,5/14/2014,Kepler
Kepler-124,b,Kepler-124 b,Transit,0,3,3.410493,2.10E-05,-2.10E-05,0,2,0.039,,,0,1,,,,,0,,,,,0,,,,,0,,0.065,0.004,-0.004,0,3,,,,,0,0,1,0,19h07m00.67s,+49d03m53.7s,286.752797,1.90E-05,49.064911,1.90E-05,2,425.19,3.08,-3.08,0,3,14.139,,0,Kepler-band,14.124,,0,4984,100,-100,0,6,,,,,1,0.64,0.03,-0.03,0,6,1,5/14/2014,Kepler
Kepler-124,c,Kepler-124 c,Transit,0,3,13.821375,3.70E-05,-3.70E-05,0,4,0.1,,,0,1,,,,,0,,,,,0,,,,,0,,0.156,0.008,-0.008,0,3,,,,,0,0,1,0,19h07m00.67s,+49d03m53.7s,286.752797,1.90E-05,49.064911,1.90E-05,2,425.19,3.08,-3.08,0,3,14.139,,0,Kepler-band,14.124,,0,4984,100,-100,0,6,,,,,1,0.64,0.03,-0.03,0,6,1,5/14/2014,Kepler
Kepler-124,d,Kepler-124 d,Transit,0,3,30.950851,0.000361,-0.000361,0,4,0.17,,,0,1,,,,,0,,,,,0,,,,,0,,0.099,0.006,-0.006,0,3,,,,,0,0,1,0,19h07m00.67s,+49d03m53.7s,286.752797,1.90E-05,49.064911,1.90E-05,2,425.19,3.08,-3.08,0,3,14.139,,0,Kepler-band,14.124,,0,4984,100,-100,0,6,,,,,1,0.64,0.03,-0.03,0,6,1,5/14/2014,Kepler
Kepler-125,b,Kepler-125 b,Transit,0,2,4.164389,3.00E-06,-3.00E-06,0,7,0.041,,,0,2,,,,,0,,,,,0,,,,,0,,0.211,0.009,-0.009,0,7,,,,,0,0,1,0,19h53m01.95s,+47d36m17.8s,298.258123,1.70E-05,47.604946,1.70E-05,2,184.34,0.99,-0.99,0,3,14.752,,0,Kepler-band,14.768,,0,3810,150,-150,0,9,,,,,5,0.51,0.02,-0.02,0,8,1,5/14/2014,Kepler
Kepler-125,c,Kepler-125 c,Transit,0,2,5.774464,4.70E-05,-4.70E-05,0,5,0.051,,,0,1,,,,,0,,,,,0,,,,,0,,0.066,0.004,-0.004,0,6,,,,,0,0,1,0,19h53m01.95s,+47d36m17.8s,298.258123,1.70E-05,47.604946,1.70E-05,2,184.34,0.99,-0.99,0,3,14.752,,0,Kepler-band,14.768,,0,3810,150,-150,0,9,,,,,5,0.51,0.02,-0.02,0,8,1,5/14/2014,Kepler
Kepler-126,b,Kepler-126 b,Transit,0,3,10.495711,2.80E-05,-2.80E-05,0,5,0.099,,,0,1,,,,,1,,,,,0,,,,,0,,0.136,0.009,-0.009,0,4,,,,,0,1,1,0,19h17m23.35s,+44d12m30.8s,289.347291,1.70E-05,44.208553,1.70E-05,2,239.03,1.67,-1.67,0,3,10.5,,0,Kepler-band,10.454,,0,6239,94,-94,0,5,,,,,2,1.36,0.02,-0.02,0,6,1,5/14/2014,Kepler
Kepler-126,c,Kepler-126 c,Transit,0,3,21.869741,8.20E-05,-8.20E-05,0,5,0.162,,,0,1,,,,,1,,,,,0,,,,,0,,0.141,0.012,-0.012,0,4,,,,,0,1,1,0,19h17m23.35s,+44d12m30.8s,289.347291,1.70E-05,44.208553,1.70E-05,2,239.03,1.67,-1.67,0,3,10.5,,0,Kepler-band,10.454,,0,6239,94,-94,0,5,,,,,2,1.36,0.02,-0.02,0,6,1,5/14/2014,Kepler
Kepler-126,d,Kepler-126 d,Transit,0,3,100.283134,0.000255,-0.000255,0,5,0.448,,,0,1,,,,,1,,,,,0,,,,,0,,0.223,0.004,-0.004,0,4,,,,,0,1,1,0,19h17m23.35s,+44d12m30.8s,289.347291,1.70E-05,44.208553,1.70E-05,2,239.03,1.67,-1.67,0,3,10.5,,0,Kepler-band,10.454,,0,6239,94,-94,0,5,,,,,2,1.36,0.02,-0.02,0,6,1,5/14/2014,Kepler
Kepler-127,b,Kepler-127 b,Transit,0,3,14.435889,6.30E-05,-6.30E-05,0,5,0.125,,,0,1,,,,,1,,,,,0,,,,,0,,0.125,0.004,-0.004,0,4,,,,,0,0,1,0,19h00m45.60s,+46d01m40.7s,285.189985,2.50E-05,46.027962,1.70E-05,2,356.41,2.71,-2.71,0,3,11.485,,0,Kepler-band,11.438,,0,6106,106,-106,0,6,,,,,2,1.36,0.04,-0.04,0,7,1,5/14/2014,Kepler
Kepler-127,c,Kepler-127 c,Transit,0,3,29.393195,7.30E-05,-7.30E-05,0,5,0.2,,,0,1,,,,,1,,,,,0,,,,,0,,0.237,0.012,-0.012,0,4,,,,,0,1,1,0,19h00m45.60s,+46d01m40.7s,285.189985,2.50E-05,46.027962,1.70E-05,2,356.41,2.71,-2.71,0,3,11.485,,0,Kepler-band,11.438,,0,6106,106,-106,0,6,,,,,2,1.36,0.04,-0.04,0,7,1,5/14/2014,Kepler
,,,,,,,,,,,,,,,,,,,,,,,,,,,,,,,,,,,,,,,,,,,,,,,,,,,,,,,,,,,,,,,,,,,,,,,,,,,,,,,,,
,,,,,,,,,,,,,,,,,,,,,,,,,,,,,,,,,,,,,,,,,,,,,,,,,,,,,,,,,,,,,,,,,,,,,,,,,,,,,,,,,
,,,,,,,,,,,,,,,,,,,,,,,,,,,,,,,,,,,,,,,,,,,,,,,,,,,,,,,,,,,,,,,,,,,,,,,,,,,,,,,,,
,,,,,,,,,,,,,,,,,,,,,,,,,,,,,,,,,,,,,,,,,,,,,,,,,,,,,,,,,,,,,,,,,,,,,,,,,,,,,,,,,
,,,,,,,,,,,,,,,,,,,,,,,,,,,,,,,,,,,,,,,,,,,,,,,,,,,,,,,,,,,,,,,,,,,,,,,,,,,,,,,,,
,,,,,,,,,,,,,,,,,,,,,,,,,,,,,,,,,,,,,,,,,,,,,,,,,,,,,,,,,,,,,,,,,,,,,,,,,,,,,,,,,
,,,,,,,,,,,,,,,,,,,,,,,,,,,,,,,,,,,,,,,,,,,,,,,,,,,,,,,,,,,,,,,,,,,,,,,,,,,,,,,,,
,,,,,,,,,,,,,,,,,,,,,,,,,,,,,,,,,,,,,,,,,,,,,,,,,,,,,,,,,,,,,,,,,,,,,,,,,,,,,,,,,
,,,,,,,,,,,,,,,,,,,,,,,,,,,,,,,,,,,,,,,,,,,,,,,,,,,,,,,,,,,,,,,,,,,,,,,,,,,,,,,,,
,,,,,,,,,,,,,,,,,,,,,,,,,,,,,,,,,,,,,,,,,,,,,,,,,,,,,,,,,,,,,,,,,,,,,,,,,,,,,,,,,
,,,,,,,,,,,,,,,,,,,,,,,,,,,,,,,,,,,,,,,,,,,,,,,,,,,,,,,,,,,,,,,,,,,,,,,,,,,,,,,,,
,,,,,,,,,,,,,,,,,,,,,,,,,,,,,,,,,,,,,,,,,,,,,,,,,,,,,,,,,,,,,,,,,,,,,,,,,,,,,,,,,
,,,,,,,,,,,,,,,,,,,,,,,,,,,,,,,,,,,,,,,,,,,,,,,,,,,,,,,,,,,,,,,,,,,,,,,,,,,,,,,,,
,,,,,,,,,,,,,,,,,,,,,,,,,,,,,,,,,,,,,,,,,,,,,,,,,,,,,,,,,,,,,,,,,,,,,,,,,,,,,,,,,
,,,,,,,,,,,,,,,,,,,,,,,,,,,,,,,,,,,,,,,,,,,,,,,,,,,,,,,,,,,,,,,,,,,,,,,,,,,,,,,,,
,,,,,,,,,,,,,,,,,,,,,,,,,,,,,,,,,,,,,,,,,,,,,,,,,,,,,,,,,,,,,,,,,,,,,,,,,,,,,,,,,
,,,,,,,,,,,,,,,,,,,,,,,,,,,,,,,,,,,,,,,,,,,,,,,,,,,,,,,,,,,,,,,,,,,,,,,,,,,,,,,,,
,,,,,,,,,,,,,,,,,,,,,,,,,,,,,,,,,,,,,,,,,,,,,,,,,,,,,,,,,,,,,,,,,,,,,,,,,,,,,,,,,
,,,,,,,,,,,,,,,,,,,,,,,,,,,,,,,,,,,,,,,,,,,,,,,,,,,,,,,,,,,,,,,,,,,,,,,,,,,,,,,,,
,,,,,,,,,,,,,,,,,,,,,,,,,,,,,,,,,,,,,,,,,,,,,,,,,,,,,,,,,,,,,,,,,,,,,,,,,,,,,,,,,
,,,,,,,,,,,,,,,,,,,,,,,,,,,,,,,,,,,,,,,,,,,,,,,,,,,,,,,,,,,,,,,,,,,,,,,,,,,,,,,,,
,,,,,,,,,,,,,,,,,,,,,,,,,,,,,,,,,,,,,,,,,,,,,,,,,,,,,,,,,,,,,,,,,,,,,,,,,,,,,,,,,
,,,,,,,,,,,,,,,,,,,,,,,,,,,,,,,,,,,,,,,,,,,,,,,,,,,,,,,,,,,,,,,,,,,,,,,,,,,,,,,,,
,,,,,,,,,,,,,,,,,,,,,,,,,,,,,,,,,,,,,,,,,,,,,,,,,,,,,,,,,,,,,,,,,,,,,,,,,,,,,,,,,
,,,,,,,,,,,,,,,,,,,,,,,,,,,,,,,,,,,,,,,,,,,,,,,,,,,,,,,,,,,,,,,,,,,,,,,,,,,,,,,,,
,,,,,,,,,,,,,,,,,,,,,,,,,,,,,,,,,,,,,,,,,,,,,,,,,,,,,,,,,,,,,,,,,,,,,,,,,,,,,,,,,
,,,,,,,,,,,,,,,,,,,,,,,,,,,,,,,,,,,,,,,,,,,,,,,,,,,,,,,,,,,,,,,,,,,,,,,,,,,,,,,,,
,,,,,,,,,,,,,,,,,,,,,,,,,,,,,,,,,,,,,,,,,,,,,,,,,,,,,,,,,,,,,,,,,,,,,,,,,,,,,,,,,
,,,,,,,,,,,,,,,,,,,,,,,,,,,,,,,,,,,,,,,,,,,,,,,,,,,,,,,,,,,,,,,,,,,,,,,,,,,,,,,,,
,,,,,,,,,,,,,,,,,,,,,,,,,,,,,,,,,,,,,,,,,,,,,,,,,,,,,,,,,,,,,,,,,,,,,,,,,,,,,,,,,
,,,,,,,,,,,,,,,,,,,,,,,,,,,,,,,,,,,,,,,,,,,,,,,,,,,,,,,,,,,,,,,,,,,,,,,,,,,,,,,,,
,,,,,,,,,,,,,,,,,,,,,,,,,,,,,,,,,,,,,,,,,,,,,,,,,,,,,,,,,,,,,,,,,,,,,,,,,,,,,,,,,
,,,,,,,,,,,,,,,,,,,,,,,,,,,,,,,,,,,,,,,,,,,,,,,,,,,,,,,,,,,,,,,,,,,,,,,,,,,,,,,,,
,,,,,,,,,,,,,,,,,,,,,,,,,,,,,,,,,,,,,,,,,,,,,,,,,,,,,,,,,,,,,,,,,,,,,,,,,,,,,,,,,
,,,,,,,,,,,,,,,,,,,,,,,,,,,,,,,,,,,,,,,,,,,,,,,,,,,,,,,,,,,,,,,,,,,,,,,,,,,,,,,,,
,,,,,,,,,,,,,,,,,,,,,,,,,,,,,,,,,,,,,,,,,,,,,,,,,,,,,,,,,,,,,,,,,,,,,,,,,,,,,,,,,
,,,,,,,,,,,,,,,,,,,,,,,,,,,,,,,,,,,,,,,,,,,,,,,,,,,,,,,,,,,,,,,,,,,,,,,,,,,,,,,,,
,,,,,,,,,,,,,,,,,,,,,,,,,,,,,,,,,,,,,,,,,,,,,,,,,,,,,,,,,,,,,,,,,,,,,,,,,,,,,,,,,
,,,,,,,,,,,,,,,,,,,,,,,,,,,,,,,,,,,,,,,,,,,,,,,,,,,,,,,,,,,,,,,,,,,,,,,,,,,,,,,,,
,,,,,,,,,,,,,,,,,,,,,,,,,,,,,,,,,,,,,,,,,,,,,,,,,,,,,,,,,,,,,,,,,,,,,,,,,,,,,,,,,
,,,,,,,,,,,,,,,,,,,,,,,,,,,,,,,,,,,,,,,,,,,,,,,,,,,,,,,,,,,,,,,,,,,,,,,,,,,,,,,,,
,,,,,,,,,,,,,,,,,,,,,,,,,,,,,,,,,,,,,,,,,,,,,,,,,,,,,,,,,,,,,,,,,,,,,,,,,,,,,,,,,
,,,,,,,,,,,,,,,,,,,,,,,,,,,,,,,,,,,,,,,,,,,,,,,,,,,,,,,,,,,,,,,,,,,,,,,,,,,,,,,,,
,,,,,,,,,,,,,,,,,,,,,,,,,,,,,,,,,,,,,,,,,,,,,,,,,,,,,,,,,,,,,,,,,,,,,,,,,,,,,,,,,
,,,,,,,,,,,,,,,,,,,,,,,,,,,,,,,,,,,,,,,,,,,,,,,,,,,,,,,,,,,,,,,,,,,,,,,,,,,,,,,,,
,,,,,,,,,,,,,,,,,,,,,,,,,,,,,,,,,,,,,,,,,,,,,,,,,,,,,,,,,,,,,,,,,,,,,,,,,,,,,,,,,
,,,,,,,,,,,,,,,,,,,,,,,,,,,,,,,,,,,,,,,,,,,,,,,,,,,,,,,,,,,,,,,,,,,,,,,,,,,,,,,,,
,,,,,,,,,,,,,,,,,,,,,,,,,,,,,,,,,,,,,,,,,,,,,,,,,,,,,,,,,,,,,,,,,,,,,,,,,,,,,,,,,
,,,,,,,,,,,,,,,,,,,,,,,,,,,,,,,,,,,,,,,,,,,,,,,,,,,,,,,,,,,,,,,,,,,,,,,,,,,,,,,,,
,,,,,,,,,,,,,,,,,,,,,,,,,,,,,,,,,,,,,,,,,,,,,,,,,,,,,,,,,,,,,,,,,,,,,,,,,,,,,,,,,
,,,,,,,,,,,,,,,,,,,,,,,,,,,,,,,,,,,,,,,,,,,,,,,,,,,,,,,,,,,,,,,,,,,,,,,,,,,,,,,,,
,,,,,,,,,,,,,,,,,,,,,,,,,,,,,,,,,,,,,,,,,,,,,,,,,,,,,,,,,,,,,,,,,,,,,,,,,,,,,,,,,
,,,,,,,,,,,,,,,,,,,,,,,,,,,,,,,,,,,,,,,,,,,,,,,,,,,,,,,,,,,,,,,,,,,,,,,,,,,,,,,,,
,,,,,,,,,,,,,,,,,,,,,,,,,,,,,,,,,,,,,,,,,,,,,,,,,,,,,,,,,,,,,,,,,,,,,,,,,,,,,,,,,
,,,,,,,,,,,,,,,,,,,,,,,,,,,,,,,,,,,,,,,,,,,,,,,,,,,,,,,,,,,,,,,,,,,,,,,,,,,,,,,,,
,,,,,,,,,,,,,,,,,,,,,,,,,,,,,,,,,,,,,,,,,,,,,,,,,,,,,,,,,,,,,,,,,,,,,,,,,,,,,,,,,
,,,,,,,,,,,,,,,,,,,,,,,,,,,,,,,,,,,,,,,,,,,,,,,,,,,,,,,,,,,,,,,,,,,,,,,,,,,,,,,,,
,,,,,,,,,,,,,,,,,,,,,,,,,,,,,,,,,,,,,,,,,,,,,,,,,,,,,,,,,,,,,,,,,,,,,,,,,,,,,,,,,
,,,,,,,,,,,,,,,,,,,,,,,,,,,,,,,,,,,,,,,,,,,,,,,,,,,,,,,,,,,,,,,,,,,,,,,,,,,,,,,,,
,,,,,,,,,,,,,,,,,,,,,,,,,,,,,,,,,,,,,,,,,,,,,,,,,,,,,,,,,,,,,,,,,,,,,,,,,,,,,,,,,
,,,,,,,,,,,,,,,,,,,,,,,,,,,,,,,,,,,,,,,,,,,,,,,,,,,,,,,,,,,,,,,,,,,,,,,,,,,,,,,,,
,,,,,,,,,,,,,,,,,,,,,,,,,,,,,,,,,,,,,,,,,,,,,,,,,,,,,,,,,,,,,,,,,,,,,,,,,,,,,,,,,
,,,,,,,,,,,,,,,,,,,,,,,,,,,,,,,,,,,,,,,,,,,,,,,,,,,,,,,,,,,,,,,,,,,,,,,,,,,,,,,,,
,,,,,,,,,,,,,,,,,,,,,,,,,,,,,,,,,,,,,,,,,,,,,,,,,,,,,,,,,,,,,,,,,,,,,,,,,,,,,,,,,
,,,,,,,,,,,,,,,,,,,,,,,,,,,,,,,,,,,,,,,,,,,,,,,,,,,,,,,,,,,,,,,,,,,,,,,,,,,,,,,,,
,,,,,,,,,,,,,,,,,,,,,,,,,,,,,,,,,,,,,,,,,,,,,,,,,,,,,,,,,,,,,,,,,,,,,,,,,,,,,,,,,
,,,,,,,,,,,,,,,,,,,,,,,,,,,,,,,,,,,,,,,,,,,,,,,,,,,,,,,,,,,,,,,,,,,,,,,,,,,,,,,,,
,,,,,,,,,,,,,,,,,,,,,,,,,,,,,,,,,,,,,,,,,,,,,,,,,,,,,,,,,,,,,,,,,,,,,,,,,,,,,,,,,
,,,,,,,,,,,,,,,,,,,,,,,,,,,,,,,,,,,,,,,,,,,,,,,,,,,,,,,,,,,,,,,,,,,,,,,,,,,,,,,,,
,,,,,,,,,,,,,,,,,,,,,,,,,,,,,,,,,,,,,,,,,,,,,,,,,,,,,,,,,,,,,,,,,,,,,,,,,,,,,,,,,
,,,,,,,,,,,,,,,,,,,,,,,,,,,,,,,,,,,,,,,,,,,,,,,,,,,,,,,,,,,,,,,,,,,,,,,,,,,,,,,,,
,,,,,,,,,,,,,,,,,,,,,,,,,,,,,,,,,,,,,,,,,,,,,,,,,,,,,,,,,,,,,,,,,,,,,,,,,,,,,,,,,
,,,,,,,,,,,,,,,,,,,,,,,,,,,,,,,,,,,,,,,,,,,,,,,,,,,,,,,,,,,,,,,,,,,,,,,,,,,,,,,,,
,,,,,,,,,,,,,,,,,,,,,,,,,,,,,,,,,,,,,,,,,,,,,,,,,,,,,,,,,,,,,,,,,,,,,,,,,,,,,,,,,
,,,,,,,,,,,,,,,,,,,,,,,,,,,,,,,,,,,,,,,,,,,,,,,,,,,,,,,,,,,,,,,,,,,,,,,,,,,,,,,,,
,,,,,,,,,,,,,,,,,,,,,,,,,,,,,,,,,,,,,,,,,,,,,,,,,,,,,,,,,,,,,,,,,,,,,,,,,,,,,,,,,
,,,,,,,,,,,,,,,,,,,,,,,,,,,,,,,,,,,,,,,,,,,,,,,,,,,,,,,,,,,,,,,,,,,,,,,,,,,,,,,,,
,,,,,,,,,,,,,,,,,,,,,,,,,,,,,,,,,,,,,,,,,,,,,,,,,,,,,,,,,,,,,,,,,,,,,,,,,,,,,,,,,
,,,,,,,,,,,,,,,,,,,,,,,,,,,,,,,,,,,,,,,,,,,,,,,,,,,,,,,,,,,,,,,,,,,,,,,,,,,,,,,,,
,,,,,,,,,,,,,,,,,,,,,,,,,,,,,,,,,,,,,,,,,,,,,,,,,,,,,,,,,,,,,,,,,,,,,,,,,,,,,,,,,
,,,,,,,,,,,,,,,,,,,,,,,,,,,,,,,,,,,,,,,,,,,,,,,,,,,,,,,,,,,,,,,,,,,,,,,,,,,,,,,,,
,,,,,,,,,,,,,,,,,,,,,,,,,,,,,,,,,,,,,,,,,,,,,,,,,,,,,,,,,,,,,,,,,,,,,,,,,,,,,,,,,
,,,,,,,,,,,,,,,,,,,,,,,,,,,,,,,,,,,,,,,,,,,,,,,,,,,,,,,,,,,,,,,,,,,,,,,,,,,,,,,,,
,,,,,,,,,,,,,,,,,,,,,,,,,,,,,,,,,,,,,,,,,,,,,,,,,,,,,,,,,,,,,,,,,,,,,,,,,,,,,,,,,
,,,,,,,,,,,,,,,,,,,,,,,,,,,,,,,,,,,,,,,,,,,,,,,,,,,,,,,,,,,,,,,,,,,,,,,,,,,,,,,,,
,,,,,,,,,,,,,,,,,,,,,,,,,,,,,,,,,,,,,,,,,,,,,,,,,,,,,,,,,,,,,,,,,,,,,,,,,,,,,,,,,
,,,,,,,,,,,,,,,,,,,,,,,,,,,,,,,,,,,,,,,,,,,,,,,,,,,,,,,,,,,,,,,,,,,,,,,,,,,,,,,,,
,,,,,,,,,,,,,,,,,,,,,,,,,,,,,,,,,,,,,,,,,,,,,,,,,,,,,,,,,,,,,,,,,,,,,,,,,,,,,,,,,
,,,,,,,,,,,,,,,,,,,,,,,,,,,,,,,,,,,,,,,,,,,,,,,,,,,,,,,,,,,,,,,,,,,,,,,,,,,,,,,,,
,,,,,,,,,,,,,,,,,,,,,,,,,,,,,,,,,,,,,,,,,,,,,,,,,,,,,,,,,,,,,,,,,,,,,,,,,,,,,,,,,
,,,,,,,,,,,,,,,,,,,,,,,,,,,,,,,,,,,,,,,,,,,,,,,,,,,,,,,,,,,,,,,,,,,,,,,,,,,,,,,,,
,,,,,,,,,,,,,,,,,,,,,,,,,,,,,,,,,,,,,,,,,,,,,,,,,,,,,,,,,,,,,,,,,,,,,,,,,,,,,,,,,
,,,,,,,,,,,,,,,,,,,,,,,,,,,,,,,,,,,,,,,,,,,,,,,,,,,,,,,,,,,,,,,,,,,,,,,,,,,,,,,,,
,,,,,,,,,,,,,,,,,,,,,,,,,,,,,,,,,,,,,,,,,,,,,,,,,,,,,,,,,,,,,,,,,,,,,,,,,,,,,,,,,
,,,,,,,,,,,,,,,,,,,,,,,,,,,,,,,,,,,,,,,,,,,,,,,,,,,,,,,,,,,,,,,,,,,,,,,,,,,,,,,,,
,,,,,,,,,,,,,,,,,,,,,,,,,,,,,,,,,,,,,,,,,,,,,,,,,,,,,,,,,,,,,,,,,,,,,,,,,,,,,,,,,
,,,,,,,,,,,,,,,,,,,,,,,,,,,,,,,,,,,,,,,,,,,,,,,,,,,,,,,,,,,,,,,,,,,,,,,,,,,,,,,,,
,,,,,,,,,,,,,,,,,,,,,,,,,,,,,,,,,,,,,,,,,,,,,,,,,,,,,,,,,,,,,,,,,,,,,,,,,,,,,,,,,
,,,,,,,,,,,,,,,,,,,,,,,,,,,,,,,,,,,,,,,,,,,,,,,,,,,,,,,,,,,,,,,,,,,,,,,,,,,,,,,,,
,,,,,,,,,,,,,,,,,,,,,,,,,,,,,,,,,,,,,,,,,,,,,,,,,,,,,,,,,,,,,,,,,,,,,,,,,,,,,,,,,
,,,,,,,,,,,,,,,,,,,,,,,,,,,,,,,,,,,,,,,,,,,,,,,,,,,,,,,,,,,,,,,,,,,,,,,,,,,,,,,,,
,,,,,,,,,,,,,,,,,,,,,,,,,,,,,,,,,,,,,,,,,,,,,,,,,,,,,,,,,,,,,,,,,,,,,,,,,,,,,,,,,
,,,,,,,,,,,,,,,,,,,,,,,,,,,,,,,,,,,,,,,,,,,,,,,,,,,,,,,,,,,,,,,,,,,,,,,,,,,,,,,,,
,,,,,,,,,,,,,,,,,,,,,,,,,,,,,,,,,,,,,,,,,,,,,,,,,,,,,,,,,,,,,,,,,,,,,,,,,,,,,,,,,
,,,,,,,,,,,,,,,,,,,,,,,,,,,,,,,,,,,,,,,,,,,,,,,,,,,,,,,,,,,,,,,,,,,,,,,,,,,,,,,,,
,,,,,,,,,,,,,,,,,,,,,,,,,,,,,,,,,,,,,,,,,,,,,,,,,,,,,,,,,,,,,,,,,,,,,,,,,,,,,,,,,
,,,,,,,,,,,,,,,,,,,,,,,,,,,,,,,,,,,,,,,,,,,,,,,,,,,,,,,,,,,,,,,,,,,,,,,,,,,,,,,,,
,,,,,,,,,,,,,,,,,,,,,,,,,,,,,,,,,,,,,,,,,,,,,,,,,,,,,,,,,,,,,,,,,,,,,,,,,,,,,,,,,
,,,,,,,,,,,,,,,,,,,,,,,,,,,,,,,,,,,,,,,,,,,,,,,,,,,,,,,,,,,,,,,,,,,,,,,,,,,,,,,,,
,,,,,,,,,,,,,,,,,,,,,,,,,,,,,,,,,,,,,,,,,,,,,,,,,,,,,,,,,,,,,,,,,,,,,,,,,,,,,,,,,
,,,,,,,,,,,,,,,,,,,,,,,,,,,,,,,,,,,,,,,,,,,,,,,,,,,,,,,,,,,,,,,,,,,,,,,,,,,,,,,,,
,,,,,,,,,,,,,,,,,,,,,,,,,,,,,,,,,,,,,,,,,,,,,,,,,,,,,,,,,,,,,,,,,,,,,,,,,,,,,,,,,
,,,,,,,,,,,,,,,,,,,,,,,,,,,,,,,,,,,,,,,,,,,,,,,,,,,,,,,,,,,,,,,,,,,,,,,,,,,,,,,,,
,,,,,,,,,,,,,,,,,,,,,,,,,,,,,,,,,,,,,,,,,,,,,,,,,,,,,,,,,,,,,,,,,,,,,,,,,,,,,,,,,
,,,,,,,,,,,,,,,,,,,,,,,,,,,,,,,,,,,,,,,,,,,,,,,,,,,,,,,,,,,,,,,,,,,,,,,,,,,,,,,,,
,,,,,,,,,,,,,,,,,,,,,,,,,,,,,,,,,,,,,,,,,,,,,,,,,,,,,,,,,,,,,,,,,,,,,,,,,,,,,,,,,
,,,,,,,,,,,,,,,,,,,,,,,,,,,,,,,,,,,,,,,,,,,,,,,,,,,,,,,,,,,,,,,,,,,,,,,,,,,,,,,,,
,,,,,,,,,,,,,,,,,,,,,,,,,,,,,,,,,,,,,,,,,,,,,,,,,,,,,,,,,,,,,,,,,,,,,,,,,,,,,,,,,
,,,,,,,,,,,,,,,,,,,,,,,,,,,,,,,,,,,,,,,,,,,,,,,,,,,,,,,,,,,,,,,,,,,,,,,,,,,,,,,,,
,,,,,,,,,,,,,,,,,,,,,,,,,,,,,,,,,,,,,,,,,,,,,,,,,,,,,,,,,,,,,,,,,,,,,,,,,,,,,,,,,
,,,,,,,,,,,,,,,,,,,,,,,,,,,,,,,,,,,,,,,,,,,,,,,,,,,,,,,,,,,,,,,,,,,,,,,,,,,,,,,,,
,,,,,,,,,,,,,,,,,,,,,,,,,,,,,,,,,,,,,,,,,,,,,,,,,,,,,,,,,,,,,,,,,,,,,,,,,,,,,,,,,
,,,,,,,,,,,,,,,,,,,,,,,,,,,,,,,,,,,,,,,,,,,,,,,,,,,,,,,,,,,,,,,,,,,,,,,,,,,,,,,,,
,,,,,,,,,,,,,,,,,,,,,,,,,,,,,,,,,,,,,,,,,,,,,,,,,,,,,,,,,,,,,,,,,,,,,,,,,,,,,,,,,
,,,,,,,,,,,,,,,,,,,,,,,,,,,,,,,,,,,,,,,,,,,,,,,,,,,,,,,,,,,,,,,,,,,,,,,,,,,,,,,,,
,,,,,,,,,,,,,,,,,,,,,,,,,,,,,,,,,,,,,,,,,,,,,,,,,,,,,,,,,,,,,,,,,,,,,,,,,,,,,,,,,
,,,,,,,,,,,,,,,,,,,,,,,,,,,,,,,,,,,,,,,,,,,,,,,,,,,,,,,,,,,,,,,,,,,,,,,,,,,,,,,,,
,,,,,,,,,,,,,,,,,,,,,,,,,,,,,,,,,,,,,,,,,,,,,,,,,,,,,,,,,,,,,,,,,,,,,,,,,,,,,,,,,
,,,,,,,,,,,,,,,,,,,,,,,,,,,,,,,,,,,,,,,,,,,,,,,,,,,,,,,,,,,,,,,,,,,,,,,,,,,,,,,,,
,,,,,,,,,,,,,,,,,,,,,,,,,,,,,,,,,,,,,,,,,,,,,,,,,,,,,,,,,,,,,,,,,,,,,,,,,,,,,,,,,
,,,,,,,,,,,,,,,,,,,,,,,,,,,,,,,,,,,,,,,,,,,,,,,,,,,,,,,,,,,,,,,,,,,,,,,,,,,,,,,,,
,,,,,,,,,,,,,,,,,,,,,,,,,,,,,,,,,,,,,,,,,,,,,,,,,,,,,,,,,,,,,,,,,,,,,,,,,,,,,,,,,
,,,,,,,,,,,,,,,,,,,,,,,,,,,,,,,,,,,,,,,,,,,,,,,,,,,,,,,,,,,,,,,,,,,,,,,,,,,,,,,,,
,,,,,,,,,,,,,,,,,,,,,,,,,,,,,,,,,,,,,,,,,,,,,,,,,,,,,,,,,,,,,,,,,,,,,,,,,,,,,,,,,
,,,,,,,,,,,,,,,,,,,,,,,,,,,,,,,,,,,,,,,,,,,,,,,,,,,,,,,,,,,,,,,,,,,,,,,,,,,,,,,,,
,,,,,,,,,,,,,,,,,,,,,,,,,,,,,,,,,,,,,,,,,,,,,,,,,,,,,,,,,,,,,,,,,,,,,,,,,,,,,,,,,
,,,,,,,,,,,,,,,,,,,,,,,,,,,,,,,,,,,,,,,,,,,,,,,,,,,,,,,,,,,,,,,,,,,,,,,,,,,,,,,,,
,,,,,,,,,,,,,,,,,,,,,,,,,,,,,,,,,,,,,,,,,,,,,,,,,,,,,,,,,,,,,,,,,,,,,,,,,,,,,,,,,
,,,,,,,,,,,,,,,,,,,,,,,,,,,,,,,,,,,,,,,,,,,,,,,,,,,,,,,,,,,,,,,,,,,,,,,,,,,,,,,,,
,,,,,,,,,,,,,,,,,,,,,,,,,,,,,,,,,,,,,,,,,,,,,,,,,,,,,,,,,,,,,,,,,,,,,,,,,,,,,,,,,
,,,,,,,,,,,,,,,,,,,,,,,,,,,,,,,,,,,,,,,,,,,,,,,,,,,,,,,,,,,,,,,,,,,,,,,,,,,,,,,,,
,,,,,,,,,,,,,,,,,,,,,,,,,,,,,,,,,,,,,,,,,,,,,,,,,,,,,,,,,,,,,,,,,,,,,,,,,,,,,,,,,
,,,,,,,,,,,,,,,,,,,,,,,,,,,,,,,,,,,,,,,,,,,,,,,,,,,,,,,,,,,,,,,,,,,,,,,,,,,,,,,,,
,,,,,,,,,,,,,,,,,,,,,,,,,,,,,,,,,,,,,,,,,,,,,,,,,,,,,,,,,,,,,,,,,,,,,,,,,,,,,,,,,
,,,,,,,,,,,,,,,,,,,,,,,,,,,,,,,,,,,,,,,,,,,,,,,,,,,,,,,,,,,,,,,,,,,,,,,,,,,,,,,,,
,,,,,,,,,,,,,,,,,,,,,,,,,,,,,,,,,,,,,,,,,,,,,,,,,,,,,,,,,,,,,,,,,,,,,,,,,,,,,,,,,
,,,,,,,,,,,,,,,,,,,,,,,,,,,,,,,,,,,,,,,,,,,,,,,,,,,,,,,,,,,,,,,,,,,,,,,,,,,,,,,,,
,,,,,,,,,,,,,,,,,,,,,,,,,,,,,,,,,,,,,,,,,,,,,,,,,,,,,,,,,,,,,,,,,,,,,,,,,,,,,,,,,
,,,,,,,,,,,,,,,,,,,,,,,,,,,,,,,,,,,,,,,,,,,,,,,,,,,,,,,,,,,,,,,,,,,,,,,,,,,,,,,,,
,,,,,,,,,,,,,,,,,,,,,,,,,,,,,,,,,,,,,,,,,,,,,,,,,,,,,,,,,,,,,,,,,,,,,,,,,,,,,,,,,
,,,,,,,,,,,,,,,,,,,,,,,,,,,,,,,,,,,,,,,,,,,,,,,,,,,,,,,,,,,,,,,,,,,,,,,,,,,,,,,,,
,,,,,,,,,,,,,,,,,,,,,,,,,,,,,,,,,,,,,,,,,,,,,,,,,,,,,,,,,,,,,,,,,,,,,,,,,,,,,,,,,
,,,,,,,,,,,,,,,,,,,,,,,,,,,,,,,,,,,,,,,,,,,,,,,,,,,,,,,,,,,,,,,,,,,,,,,,,,,,,,,,,
,,,,,,,,,,,,,,,,,,,,,,,,,,,,,,,,,,,,,,,,,,,,,,,,,,,,,,,,,,,,,,,,,,,,,,,,,,,,,,,,,
,,,,,,,,,,,,,,,,,,,,,,,,,,,,,,,,,,,,,,,,,,,,,,,,,,,,,,,,,,,,,,,,,,,,,,,,,,,,,,,,,
,,,,,,,,,,,,,,,,,,,,,,,,,,,,,,,,,,,,,,,,,,,,,,,,,,,,,,,,,,,,,,,,,,,,,,,,,,,,,,,,,
,,,,,,,,,,,,,,,,,,,,,,,,,,,,,,,,,,,,,,,,,,,,,,,,,,,,,,,,,,,,,,,,,,,,,,,,,,,,,,,,,
,,,,,,,,,,,,,,,,,,,,,,,,,,,,,,,,,,,,,,,,,,,,,,,,,,,,,,,,,,,,,,,,,,,,,,,,,,,,,,,,,
,,,,,,,,,,,,,,,,,,,,,,,,,,,,,,,,,,,,,,,,,,,,,,,,,,,,,,,,,,,,,,,,,,,,,,,,,,,,,,,,,
,,,,,,,,,,,,,,,,,,,,,,,,,,,,,,,,,,,,,,,,,,,,,,,,,,,,,,,,,,,,,,,,,,,,,,,,,,,,,,,,,
,,,,,,,,,,,,,,,,,,,,,,,,,,,,,,,,,,,,,,,,,,,,,,,,,,,,,,,,,,,,,,,,,,,,,,,,,,,,,,,,,
,,,,,,,,,,,,,,,,,,,,,,,,,,,,,,,,,,,,,,,,,,,,,,,,,,,,,,,,,,,,,,,,,,,,,,,,,,,,,,,,,
,,,,,,,,,,,,,,,,,,,,,,,,,,,,,,,,,,,,,,,,,,,,,,,,,,,,,,,,,,,,,,,,,,,,,,,,,,,,,,,,,
,,,,,,,,,,,,,,,,,,,,,,,,,,,,,,,,,,,,,,,,,,,,,,,,,,,,,,,,,,,,,,,,,,,,,,,,,,,,,,,,,
,,,,,,,,,,,,,,,,,,,,,,,,,,,,,,,,,,,,,,,,,,,,,,,,,,,,,,,,,,,,,,,,,,,,,,,,,,,,,,,,,
,,,,,,,,,,,,,,,,,,,,,,,,,,,,,,,,,,,,,,,,,,,,,,,,,,,,,,,,,,,,,,,,,,,,,,,,,,,,,,,,,
,,,,,,,,,,,,,,,,,,,,,,,,,,,,,,,,,,,,,,,,,,,,,,,,,,,,,,,,,,,,,,,,,,,,,,,,,,,,,,,,,
,,,,,,,,,,,,,,,,,,,,,,,,,,,,,,,,,,,,,,,,,,,,,,,,,,,,,,,,,,,,,,,,,,,,,,,,,,,,,,,,,
,,,,,,,,,,,,,,,,,,,,,,,,,,,,,,,,,,,,,,,,,,,,,,,,,,,,,,,,,,,,,,,,,,,,,,,,,,,,,,,,,
,,,,,,,,,,,,,,,,,,,,,,,,,,,,,,,,,,,,,,,,,,,,,,,,,,,,,,,,,,,,,,,,,,,,,,,,,,,,,,,,,
,,,,,,,,,,,,,,,,,,,,,,,,,,,,,,,,,,,,,,,,,,,,,,,,,,,,,,,,,,,,,,,,,,,,,,,,,,,,,,,,,
,,,,,,,,,,,,,,,,,,,,,,,,,,,,,,,,,,,,,,,,,,,,,,,,,,,,,,,,,,,,,,,,,,,,,,,,,,,,,,,,,
,,,,,,,,,,,,,,,,,,,,,,,,,,,,,,,,,,,,,,,,,,,,,,,,,,,,,,,,,,,,,,,,,,,,,,,,,,,,,,,,,
,,,,,,,,,,,,,,,,,,,,,,,,,,,,,,,,,,,,,,,,,,,,,,,,,,,,,,,,,,,,,,,,,,,,,,,,,,,,,,,,,
,,,,,,,,,,,,,,,,,,,,,,,,,,,,,,,,,,,,,,,,,,,,,,,,,,,,,,,,,,,,,,,,,,,,,,,,,,,,,,,,,
,,,,,,,,,,,,,,,,,,,,,,,,,,,,,,,,,,,,,,,,,,,,,,,,,,,,,,,,,,,,,,,,,,,,,,,,,,,,,,,,,
,,,,,,,,,,,,,,,,,,,,,,,,,,,,,,,,,,,,,,,,,,,,,,,,,,,,,,,,,,,,,,,,,,,,,,,,,,,,,,,,,
,,,,,,,,,,,,,,,,,,,,,,,,,,,,,,,,,,,,,,,,,,,,,,,,,,,,,,,,,,,,,,,,,,,,,,,,,,,,,,,,,
,,,,,,,,,,,,,,,,,,,,,,,,,,,,,,,,,,,,,,,,,,,,,,,,,,,,,,,,,,,,,,,,,,,,,,,,,,,,,,,,,
,,,,,,,,,,,,,,,,,,,,,,,,,,,,,,,,,,,,,,,,,,,,,,,,,,,,,,,,,,,,,,,,,,,,,,,,,,,,,,,,,
,,,,,,,,,,,,,,,,,,,,,,,,,,,,,,,,,,,,,,,,,,,,,,,,,,,,,,,,,,,,,,,,,,,,,,,,,,,,,,,,,
,,,,,,,,,,,,,,,,,,,,,,,,,,,,,,,,,,,,,,,,,,,,,,,,,,,,,,,,,,,,,,,,,,,,,,,,,,,,,,,,,
,,,,,,,,,,,,,,,,,,,,,,,,,,,,,,,,,,,,,,,,,,,,,,,,,,,,,,,,,,,,,,,,,,,,,,,,,,,,,,,,,
,,,,,,,,,,,,,,,,,,,,,,,,,,,,,,,,,,,,,,,,,,,,,,,,,,,,,,,,,,,,,,,,,,,,,,,,,,,,,,,,,
,,,,,,,,,,,,,,,,,,,,,,,,,,,,,,,,,,,,,,,,,,,,,,,,,,,,,,,,,,,,,,,,,,,,,,,,,,,,,,,,,
,,,,,,,,,,,,,,,,,,,,,,,,,,,,,,,,,,,,,,,,,,,,,,,,,,,,,,,,,,,,,,,,,,,,,,,,,,,,,,,,,
,,,,,,,,,,,,,,,,,,,,,,,,,,,,,,,,,,,,,,,,,,,,,,,,,,,,,,,,,,,,,,,,,,,,,,,,,,,,,,,,,
,,,,,,,,,,,,,,,,,,,,,,,,,,,,,,,,,,,,,,,,,,,,,,,,,,,,,,,,,,,,,,,,,,,,,,,,,,,,,,,,,
,,,,,,,,,,,,,,,,,,,,,,,,,,,,,,,,,,,,,,,,,,,,,,,,,,,,,,,,,,,,,,,,,,,,,,,,,,,,,,,,,
,,,,,,,,,,,,,,,,,,,,,,,,,,,,,,,,,,,,,,,,,,,,,,,,,,,,,,,,,,,,,,,,,,,,,,,,,,,,,,,,,
,,,,,,,,,,,,,,,,,,,,,,,,,,,,,,,,,,,,,,,,,,,,,,,,,,,,,,,,,,,,,,,,,,,,,,,,,,,,,,,,,
,,,,,,,,,,,,,,,,,,,,,,,,,,,,,,,,,,,,,,,,,,,,,,,,,,,,,,,,,,,,,,,,,,,,,,,,,,,,,,,,,
,,,,,,,,,,,,,,,,,,,,,,,,,,,,,,,,,,,,,,,,,,,,,,,,,,,,,,,,,,,,,,,,,,,,,,,,,,,,,,,,,
,,,,,,,,,,,,,,,,,,,,,,,,,,,,,,,,,,,,,,,,,,,,,,,,,,,,,,,,,,,,,,,,,,,,,,,,,,,,,,,,,
,,,,,,,,,,,,,,,,,,,,,,,,,,,,,,,,,,,,,,,,,,,,,,,,,,,,,,,,,,,,,,,,,,,,,,,,,,,,,,,,,
,,,,,,,,,,,,,,,,,,,,,,,,,,,,,,,,,,,,,,,,,,,,,,,,,,,,,,,,,,,,,,,,,,,,,,,,,,,,,,,,,
,,,,,,,,,,,,,,,,,,,,,,,,,,,,,,,,,,,,,,,,,,,,,,,,,,,,,,,,,,,,,,,,,,,,,,,,,,,,,,,,,
,,,,,,,,,,,,,,,,,,,,,,,,,,,,,,,,,,,,,,,,,,,,,,,,,,,,,,,,,,,,,,,,,,,,,,,,,,,,,,,,,
,,,,,,,,,,,,,,,,,,,,,,,,,,,,,,,,,,,,,,,,,,,,,,,,,,,,,,,,,,,,,,,,,,,,,,,,,,,,,,,,,
,,,,,,,,,,,,,,,,,,,,,,,,,,,,,,,,,,,,,,,,,,,,,,,,,,,,,,,,,,,,,,,,,,,,,,,,,,,,,,,,,
,,,,,,,,,,,,,,,,,,,,,,,,,,,,,,,,,,,,,,,,,,,,,,,,,,,,,,,,,,,,,,,,,,,,,,,,,,,,,,,,,
,,,,,,,,,,,,,,,,,,,,,,,,,,,,,,,,,,,,,,,,,,,,,,,,,,,,,,,,,,,,,,,,,,,,,,,,,,,,,,,,,
,,,,,,,,,,,,,,,,,,,,,,,,,,,,,,,,,,,,,,,,,,,,,,,,,,,,,,,,,,,,,,,,,,,,,,,,,,,,,,,,,
,,,,,,,,,,,,,,,,,,,,,,,,,,,,,,,,,,,,,,,,,,,,,,,,,,,,,,,,,,,,,,,,,,,,,,,,,,,,,,,,,
,,,,,,,,,,,,,,,,,,,,,,,,,,,,,,,,,,,,,,,,,,,,,,,,,,,,,,,,,,,,,,,,,,,,,,,,,,,,,,,,,
,,,,,,,,,,,,,,,,,,,,,,,,,,,,,,,,,,,,,,,,,,,,,,,,,,,,,,,,,,,,,,,,,,,,,,,,,,,,,,,,,
,,,,,,,,,,,,,,,,,,,,,,,,,,,,,,,,,,,,,,,,,,,,,,,,,,,,,,,,,,,,,,,,,,,,,,,,,,,,,,,,,
,,,,,,,,,,,,,,,,,,,,,,,,,,,,,,,,,,,,,,,,,,,,,,,,,,,,,,,,,,,,,,,,,,,,,,,,,,,,,,,,,
,,,,,,,,,,,,,,,,,,,,,,,,,,,,,,,,,,,,,,,,,,,,,,,,,,,,,,,,,,,,,,,,,,,,,,,,,,,,,,,,,
,,,,,,,,,,,,,,,,,,,,,,,,,,,,,,,,,,,,,,,,,,,,,,,,,,,,,,,,,,,,,,,,,,,,,,,,,,,,,,,,,
,,,,,,,,,,,,,,,,,,,,,,,,,,,,,,,,,,,,,,,,,,,,,,,,,,,,,,,,,,,,,,,,,,,,,,,,,,,,,,,,,
,,,,,,,,,,,,,,,,,,,,,,,,,,,,,,,,,,,,,,,,,,,,,,,,,,,,,,,,,,,,,,,,,,,,,,,,,,,,,,,,,
,,,,,,,,,,,,,,,,,,,,,,,,,,,,,,,,,,,,,,,,,,,,,,,,,,,,,,,,,,,,,,,,,,,,,,,,,,,,,,,,,
,,,,,,,,,,,,,,,,,,,,,,,,,,,,,,,,,,,,,,,,,,,,,,,,,,,,,,,,,,,,,,,,,,,,,,,,,,,,,,,,,
,,,,,,,,,,,,,,,,,,,,,,,,,,,,,,,,,,,,,,,,,,,,,,,,,,,,,,,,,,,,,,,,,,,,,,,,,,,,,,,,,
,,,,,,,,,,,,,,,,,,,,,,,,,,,,,,,,,,,,,,,,,,,,,,,,,,,,,,,,,,,,,,,,,,,,,,,,,,,,,,,,,
,,,,,,,,,,,,,,,,,,,,,,,,,,,,,,,,,,,,,,,,,,,,,,,,,,,,,,,,,,,,,,,,,,,,,,,,,,,,,,,,,
,,,,,,,,,,,,,,,,,,,,,,,,,,,,,,,,,,,,,,,,,,,,,,,,,,,,,,,,,,,,,,,,,,,,,,,,,,,,,,,,,
,,,,,,,,,,,,,,,,,,,,,,,,,,,,,,,,,,,,,,,,,,,,,,,,,,,,,,,,,,,,,,,,,,,,,,,,,,,,,,,,,
,,,,,,,,,,,,,,,,,,,,,,,,,,,,,,,,,,,,,,,,,,,,,,,,,,,,,,,,,,,,,,,,,,,,,,,,,,,,,,,,,
,,,,,,,,,,,,,,,,,,,,,,,,,,,,,,,,,,,,,,,,,,,,,,,,,,,,,,,,,,,,,,,,,,,,,,,,,,,,,,,,,
,,,,,,,,,,,,,,,,,,,,,,,,,,,,,,,,,,,,,,,,,,,,,,,,,,,,,,,,,,,,,,,,,,,,,,,,,,,,,,,,,
,,,,,,,,,,,,,,,,,,,,,,,,,,,,,,,,,,,,,,,,,,,,,,,,,,,,,,,,,,,,,,,,,,,,,,,,,,,,,,,,,
,,,,,,,,,,,,,,,,,,,,,,,,,,,,,,,,,,,,,,,,,,,,,,,,,,,,,,,,,,,,,,,,,,,,,,,,,,,,,,,,,
,,,,,,,,,,,,,,,,,,,,,,,,,,,,,,,,,,,,,,,,,,,,,,,,,,,,,,,,,,,,,,,,,,,,,,,,,,,,,,,,,
,,,,,,,,,,,,,,,,,,,,,,,,,,,,,,,,,,,,,,,,,,,,,,,,,,,,,,,,,,,,,,,,,,,,,,,,,,,,,,,,,
,,,,,,,,,,,,,,,,,,,,,,,,,,,,,,,,,,,,,,,,,,,,,,,,,,,,,,,,,,,,,,,,,,,,,,,,,,,,,,,,,
,,,,,,,,,,,,,,,,,,,,,,,,,,,,,,,,,,,,,,,,,,,,,,,,,,,,,,,,,,,,,,,,,,,,,,,,,,,,,,,,,
,,,,,,,,,,,,,,,,,,,,,,,,,,,,,,,,,,,,,,,,,,,,,,,,,,,,,,,,,,,,,,,,,,,,,,,,,,,,,,,,,
,,,,,,,,,,,,,,,,,,,,,,,,,,,,,,,,,,,,,,,,,,,,,,,,,,,,,,,,,,,,,,,,,,,,,,,,,,,,,,,,,
,,,,,,,,,,,,,,,,,,,,,,,,,,,,,,,,,,,,,,,,,,,,,,,,,,,,,,,,,,,,,,,,,,,,,,,,,,,,,,,,,
,,,,,,,,,,,,,,,,,,,,,,,,,,,,,,,,,,,,,,,,,,,,,,,,,,,,,,,,,,,,,,,,,,,,,,,,,,,,,,,,,
,,,,,,,,,,,,,,,,,,,,,,,,,,,,,,,,,,,,,,,,,,,,,,,,,,,,,,,,,,,,,,,,,,,,,,,,,,,,,,,,,
,,,,,,,,,,,,,,,,,,,,,,,,,,,,,,,,,,,,,,,,,,,,,,,,,,,,,,,,,,,,,,,,,,,,,,,,,,,,,,,,,
,,,,,,,,,,,,,,,,,,,,,,,,,,,,,,,,,,,,,,,,,,,,,,,,,,,,,,,,,,,,,,,,,,,,,,,,,,,,,,,,,
,,,,,,,,,,,,,,,,,,,,,,,,,,,,,,,,,,,,,,,,,,,,,,,,,,,,,,,,,,,,,,,,,,,,,,,,,,,,,,,,,
,,,,,,,,,,,,,,,,,,,,,,,,,,,,,,,,,,,,,,,,,,,,,,,,,,,,,,,,,,,,,,,,,,,,,,,,,,,,,,,,,
,,,,,,,,,,,,,,,,,,,,,,,,,,,,,,,,,,,,,,,,,,,,,,,,,,,,,,,,,,,,,,,,,,,,,,,,,,,,,,,,,
,,,,,,,,,,,,,,,,,,,,,,,,,,,,,,,,,,,,,,,,,,,,,,,,,,,,,,,,,,,,,,,,,,,,,,,,,,,,,,,,,
,,,,,,,,,,,,,,,,,,,,,,,,,,,,,,,,,,,,,,,,,,,,,,,,,,,,,,,,,,,,,,,,,,,,,,,,,,,,,,,,,
,,,,,,,,,,,,,,,,,,,,,,,,,,,,,,,,,,,,,,,,,,,,,,,,,,,,,,,,,,,,,,,,,,,,,,,,,,,,,,,,,
,,,,,,,,,,,,,,,,,,,,,,,,,,,,,,,,,,,,,,,,,,,,,,,,,,,,,,,,,,,,,,,,,,,,,,,,,,,,,,,,,
,,,,,,,,,,,,,,,,,,,,,,,,,,,,,,,,,,,,,,,,,,,,,,,,,,,,,,,,,,,,,,,,,,,,,,,,,,,,,,,,,
,,,,,,,,,,,,,,,,,,,,,,,,,,,,,,,,,,,,,,,,,,,,,,,,,,,,,,,,,,,,,,,,,,,,,,,,,,,,,,,,,
,,,,,,,,,,,,,,,,,,,,,,,,,,,,,,,,,,,,,,,,,,,,,,,,,,,,,,,,,,,,,,,,,,,,,,,,,,,,,,,,,
,,,,,,,,,,,,,,,,,,,,,,,,,,,,,,,,,,,,,,,,,,,,,,,,,,,,,,,,,,,,,,,,,,,,,,,,,,,,,,,,,
,,,,,,,,,,,,,,,,,,,,,,,,,,,,,,,,,,,,,,,,,,,,,,,,,,,,,,,,,,,,,,,,,,,,,,,,,,,,,,,,,
,,,,,,,,,,,,,,,,,,,,,,,,,,,,,,,,,,,,,,,,,,,,,,,,,,,,,,,,,,,,,,,,,,,,,,,,,,,,,,,,,
,,,,,,,,,,,,,,,,,,,,,,,,,,,,,,,,,,,,,,,,,,,,,,,,,,,,,,,,,,,,,,,,,,,,,,,,,,,,,,,,,
,,,,,,,,,,,,,,,,,,,,,,,,,,,,,,,,,,,,,,,,,,,,,,,,,,,,,,,,,,,,,,,,,,,,,,,,,,,,,,,,,
,,,,,,,,,,,,,,,,,,,,,,,,,,,,,,,,,,,,,,,,,,,,,,,,,,,,,,,,,,,,,,,,,,,,,,,,,,,,,,,,,
,,,,,,,,,,,,,,,,,,,,,,,,,,,,,,,,,,,,,,,,,,,,,,,,,,,,,,,,,,,,,,,,,,,,,,,,,,,,,,,,,
,,,,,,,,,,,,,,,,,,,,,,,,,,,,,,,,,,,,,,,,,,,,,,,,,,,,,,,,,,,,,,,,,,,,,,,,,,,,,,,,,
,,,,,,,,,,,,,,,,,,,,,,,,,,,,,,,,,,,,,,,,,,,,,,,,,,,,,,,,,,,,,,,,,,,,,,,,,,,,,,,,,
,,,,,,,,,,,,,,,,,,,,,,,,,,,,,,,,,,,,,,,,,,,,,,,,,,,,,,,,,,,,,,,,,,,,,,,,,,,,,,,,,
,,,,,,,,,,,,,,,,,,,,,,,,,,,,,,,,,,,,,,,,,,,,,,,,,,,,,,,,,,,,,,,,,,,,,,,,,,,,,,,,,
,,,,,,,,,,,,,,,,,,,,,,,,,,,,,,,,,,,,,,,,,,,,,,,,,,,,,,,,,,,,,,,,,,,,,,,,,,,,,,,,,
,,,,,,,,,,,,,,,,,,,,,,,,,,,,,,,,,,,,,,,,,,,,,,,,,,,,,,,,,,,,,,,,,,,,,,,,,,,,,,,,,
,,,,,,,,,,,,,,,,,,,,,,,,,,,,,,,,,,,,,,,,,,,,,,,,,,,,,,,,,,,,,,,,,,,,,,,,,,,,,,,,,
,,,,,,,,,,,,,,,,,,,,,,,,,,,,,,,,,,,,,,,,,,,,,,,,,,,,,,,,,,,,,,,,,,,,,,,,,,,,,,,,,
,,,,,,,,,,,,,,,,,,,,,,,,,,,,,,,,,,,,,,,,,,,,,,,,,,,,,,,,,,,,,,,,,,,,,,,,,,,,,,,,,
,,,,,,,,,,,,,,,,,,,,,,,,,,,,,,,,,,,,,,,,,,,,,,,,,,,,,,,,,,,,,,,,,,,,,,,,,,,,,,,,,
,,,,,,,,,,,,,,,,,,,,,,,,,,,,,,,,,,,,,,,,,,,,,,,,,,,,,,,,,,,,,,,,,,,,,,,,,,,,,,,,,
,,,,,,,,,,,,,,,,,,,,,,,,,,,,,,,,,,,,,,,,,,,,,,,,,,,,,,,,,,,,,,,,,,,,,,,,,,,,,,,,,
,,,,,,,,,,,,,,,,,,,,,,,,,,,,,,,,,,,,,,,,,,,,,,,,,,,,,,,,,,,,,,,,,,,,,,,,,,,,,,,,,
,,,,,,,,,,,,,,,,,,,,,,,,,,,,,,,,,,,,,,,,,,,,,,,,,,,,,,,,,,,,,,,,,,,,,,,,,,,,,,,,,
,,,,,,,,,,,,,,,,,,,,,,,,,,,,,,,,,,,,,,,,,,,,,,,,,,,,,,,,,,,,,,,,,,,,,,,,,,,,,,,,,
,,,,,,,,,,,,,,,,,,,,,,,,,,,,,,,,,,,,,,,,,,,,,,,,,,,,,,,,,,,,,,,,,,,,,,,,,,,,,,,,,
,,,,,,,,,,,,,,,,,,,,,,,,,,,,,,,,,,,,,,,,,,,,,,,,,,,,,,,,,,,,,,,,,,,,,,,,,,,,,,,,,
,,,,,,,,,,,,,,,,,,,,,,,,,,,,,,,,,,,,,,,,,,,,,,,,,,,,,,,,,,,,,,,,,,,,,,,,,,,,,,,,,
,,,,,,,,,,,,,,,,,,,,,,,,,,,,,,,,,,,,,,,,,,,,,,,,,,,,,,,,,,,,,,,,,,,,,,,,,,,,,,,,,
,,,,,,,,,,,,,,,,,,,,,,,,,,,,,,,,,,,,,,,,,,,,,,,,,,,,,,,,,,,,,,,,,,,,,,,,,,,,,,,,,
,,,,,,,,,,,,,,,,,,,,,,,,,,,,,,,,,,,,,,,,,,,,,,,,,,,,,,,,,,,,,,,,,,,,,,,,,,,,,,,,,
,,,,,,,,,,,,,,,,,,,,,,,,,,,,,,,,,,,,,,,,,,,,,,,,,,,,,,,,,,,,,,,,,,,,,,,,,,,,,,,,,
,,,,,,,,,,,,,,,,,,,,,,,,,,,,,,,,,,,,,,,,,,,,,,,,,,,,,,,,,,,,,,,,,,,,,,,,,,,,,,,,,
,,,,,,,,,,,,,,,,,,,,,,,,,,,,,,,,,,,,,,,,,,,,,,,,,,,,,,,,,,,,,,,,,,,,,,,,,,,,,,,,,
,,,,,,,,,,,,,,,,,,,,,,,,,,,,,,,,,,,,,,,,,,,,,,,,,,,,,,,,,,,,,,,,,,,,,,,,,,,,,,,,,
,,,,,,,,,,,,,,,,,,,,,,,,,,,,,,,,,,,,,,,,,,,,,,,,,,,,,,,,,,,,,,,,,,,,,,,,,,,,,,,,,
,,,,,,,,,,,,,,,,,,,,,,,,,,,,,,,,,,,,,,,,,,,,,,,,,,,,,,,,,,,,,,,,,,,,,,,,,,,,,,,,,
,,,,,,,,,,,,,,,,,,,,,,,,,,,,,,,,,,,,,,,,,,,,,,,,,,,,,,,,,,,,,,,,,,,,,,,,,,,,,,,,,
,,,,,,,,,,,,,,,,,,,,,,,,,,,,,,,,,,,,,,,,,,,,,,,,,,,,,,,,,,,,,,,,,,,,,,,,,,,,,,,,,
,,,,,,,,,,,,,,,,,,,,,,,,,,,,,,,,,,,,,,,,,,,,,,,,,,,,,,,,,,,,,,,,,,,,,,,,,,,,,,,,,
,,,,,,,,,,,,,,,,,,,,,,,,,,,,,,,,,,,,,,,,,,,,,,,,,,,,,,,,,,,,,,,,,,,,,,,,,,,,,,,,,
,,,,,,,,,,,,,,,,,,,,,,,,,,,,,,,,,,,,,,,,,,,,,,,,,,,,,,,,,,,,,,,,,,,,,,,,,,,,,,,,,
,,,,,,,,,,,,,,,,,,,,,,,,,,,,,,,,,,,,,,,,,,,,,,,,,,,,,,,,,,,,,,,,,,,,,,,,,,,,,,,,,
,,,,,,,,,,,,,,,,,,,,,,,,,,,,,,,,,,,,,,,,,,,,,,,,,,,,,,,,,,,,,,,,,,,,,,,,,,,,,,,,,
,,,,,,,,,,,,,,,,,,,,,,,,,,,,,,,,,,,,,,,,,,,,,,,,,,,,,,,,,,,,,,,,,,,,,,,,,,,,,,,,,
,,,,,,,,,,,,,,,,,,,,,,,,,,,,,,,,,,,,,,,,,,,,,,,,,,,,,,,,,,,,,,,,,,,,,,,,,,,,,,,,,
,,,,,,,,,,,,,,,,,,,,,,,,,,,,,,,,,,,,,,,,,,,,,,,,,,,,,,,,,,,,,,,,,,,,,,,,,,,,,,,,,
,,,,,,,,,,,,,,,,,,,,,,,,,,,,,,,,,,,,,,,,,,,,,,,,,,,,,,,,,,,,,,,,,,,,,,,,,,,,,,,,,
,,,,,,,,,,,,,,,,,,,,,,,,,,,,,,,,,,,,,,,,,,,,,,,,,,,,,,,,,,,,,,,,,,,,,,,,,,,,,,,,,
,,,,,,,,,,,,,,,,,,,,,,,,,,,,,,,,,,,,,,,,,,,,,,,,,,,,,,,,,,,,,,,,,,,,,,,,,,,,,,,,,
,,,,,,,,,,,,,,,,,,,,,,,,,,,,,,,,,,,,,,,,,,,,,,,,,,,,,,,,,,,,,,,,,,,,,,,,,,,,,,,,,
,,,,,,,,,,,,,,,,,,,,,,,,,,,,,,,,,,,,,,,,,,,,,,,,,,,,,,,,,,,,,,,,,,,,,,,,,,,,,,,,,
,,,,,,,,,,,,,,,,,,,,,,,,,,,,,,,,,,,,,,,,,,,,,,,,,,,,,,,,,,,,,,,,,,,,,,,,,,,,,,,,,
,,,,,,,,,,,,,,,,,,,,,,,,,,,,,,,,,,,,,,,,,,,,,,,,,,,,,,,,,,,,,,,,,,,,,,,,,,,,,,,,,
,,,,,,,,,,,,,,,,,,,,,,,,,,,,,,,,,,,,,,,,,,,,,,,,,,,,,,,,,,,,,,,,,,,,,,,,,,,,,,,,,
,,,,,,,,,,,,,,,,,,,,,,,,,,,,,,,,,,,,,,,,,,,,,,,,,,,,,,,,,,,,,,,,,,,,,,,,,,,,,,,,,
,,,,,,,,,,,,,,,,,,,,,,,,,,,,,,,,,,,,,,,,,,,,,,,,,,,,,,,,,,,,,,,,,,,,,,,,,,,,,,,,,
,,,,,,,,,,,,,,,,,,,,,,,,,,,,,,,,,,,,,,,,,,,,,,,,,,,,,,,,,,,,,,,,,,,,,,,,,,,,,,,,,
,,,,,,,,,,,,,,,,,,,,,,,,,,,,,,,,,,,,,,,,,,,,,,,,,,,,,,,,,,,,,,,,,,,,,,,,,,,,,,,,,
,,,,,,,,,,,,,,,,,,,,,,,,,,,,,,,,,,,,,,,,,,,,,,,,,,,,,,,,,,,,,,,,,,,,,,,,,,,,,,,,,
,,,,,,,,,,,,,,,,,,,,,,,,,,,,,,,,,,,,,,,,,,,,,,,,,,,,,,,,,,,,,,,,,,,,,,,,,,,,,,,,,
,,,,,,,,,,,,,,,,,,,,,,,,,,,,,,,,,,,,,,,,,,,,,,,,,,,,,,,,,,,,,,,,,,,,,,,,,,,,,,,,,
,,,,,,,,,,,,,,,,,,,,,,,,,,,,,,,,,,,,,,,,,,,,,,,,,,,,,,,,,,,,,,,,,,,,,,,,,,,,,,,,,
,,,,,,,,,,,,,,,,,,,,,,,,,,,,,,,,,,,,,,,,,,,,,,,,,,,,,,,,,,,,,,,,,,,,,,,,,,,,,,,,,
,,,,,,,,,,,,,,,,,,,,,,,,,,,,,,,,,,,,,,,,,,,,,,,,,,,,,,,,,,,,,,,,,,,,,,,,,,,,,,,,,
,,,,,,,,,,,,,,,,,,,,,,,,,,,,,,,,,,,,,,,,,,,,,,,,,,,,,,,,,,,,,,,,,,,,,,,,,,,,,,,,,
,,,,,,,,,,,,,,,,,,,,,,,,,,,,,,,,,,,,,,,,,,,,,,,,,,,,,,,,,,,,,,,,,,,,,,,,,,,,,,,,,
,,,,,,,,,,,,,,,,,,,,,,,,,,,,,,,,,,,,,,,,,,,,,,,,,,,,,,,,,,,,,,,,,,,,,,,,,,,,,,,,,
,,,,,,,,,,,,,,,,,,,,,,,,,,,,,,,,,,,,,,,,,,,,,,,,,,,,,,,,,,,,,,,,,,,,,,,,,,,,,,,,,
,,,,,,,,,,,,,,,,,,,,,,,,,,,,,,,,,,,,,,,,,,,,,,,,,,,,,,,,,,,,,,,,,,,,,,,,,,,,,,,,,
,,,,,,,,,,,,,,,,,,,,,,,,,,,,,,,,,,,,,,,,,,,,,,,,,,,,,,,,,,,,,,,,,,,,,,,,,,,,,,,,,
,,,,,,,,,,,,,,,,,,,,,,,,,,,,,,,,,,,,,,,,,,,,,,,,,,,,,,,,,,,,,,,,,,,,,,,,,,,,,,,,,
,,,,,,,,,,,,,,,,,,,,,,,,,,,,,,,,,,,,,,,,,,,,,,,,,,,,,,,,,,,,,,,,,,,,,,,,,,,,,,,,,
,,,,,,,,,,,,,,,,,,,,,,,,,,,,,,,,,,,,,,,,,,,,,,,,,,,,,,,,,,,,,,,,,,,,,,,,,,,,,,,,,
,,,,,,,,,,,,,,,,,,,,,,,,,,,,,,,,,,,,,,,,,,,,,,,,,,,,,,,,,,,,,,,,,,,,,,,,,,,,,,,,,
,,,,,,,,,,,,,,,,,,,,,,,,,,,,,,,,,,,,,,,,,,,,,,,,,,,,,,,,,,,,,,,,,,,,,,,,,,,,,,,,,
,,,,,,,,,,,,,,,,,,,,,,,,,,,,,,,,,,,,,,,,,,,,,,,,,,,,,,,,,,,,,,,,,,,,,,,,,,,,,,,,,
,,,,,,,,,,,,,,,,,,,,,,,,,,,,,,,,,,,,,,,,,,,,,,,,,,,,,,,,,,,,,,,,,,,,,,,,,,,,,,,,,
,,,,,,,,,,,,,,,,,,,,,,,,,,,,,,,,,,,,,,,,,,,,,,,,,,,,,,,,,,,,,,,,,,,,,,,,,,,,,,,,,
,,,,,,,,,,,,,,,,,,,,,,,,,,,,,,,,,,,,,,,,,,,,,,,,,,,,,,,,,,,,,,,,,,,,,,,,,,,,,,,,,
,,,,,,,,,,,,,,,,,,,,,,,,,,,,,,,,,,,,,,,,,,,,,,,,,,,,,,,,,,,,,,,,,,,,,,,,,,,,,,,,,
,,,,,,,,,,,,,,,,,,,,,,,,,,,,,,,,,,,,,,,,,,,,,,,,,,,,,,,,,,,,,,,,,,,,,,,,,,,,,,,,,
,,,,,,,,,,,,,,,,,,,,,,,,,,,,,,,,,,,,,,,,,,,,,,,,,,,,,,,,,,,,,,,,,,,,,,,,,,,,,,,,,
,,,,,,,,,,,,,,,,,,,,,,,,,,,,,,,,,,,,,,,,,,,,,,,,,,,,,,,,,,,,,,,,,,,,,,,,,,,,,,,,,
,,,,,,,,,,,,,,,,,,,,,,,,,,,,,,,,,,,,,,,,,,,,,,,,,,,,,,,,,,,,,,,,,,,,,,,,,,,,,,,,,
,,,,,,,,,,,,,,,,,,,,,,,,,,,,,,,,,,,,,,,,,,,,,,,,,,,,,,,,,,,,,,,,,,,,,,,,,,,,,,,,,
,,,,,,,,,,,,,,,,,,,,,,,,,,,,,,,,,,,,,,,,,,,,,,,,,,,,,,,,,,,,,,,,,,,,,,,,,,,,,,,,,
,,,,,,,,,,,,,,,,,,,,,,,,,,,,,,,,,,,,,,,,,,,,,,,,,,,,,,,,,,,,,,,,,,,,,,,,,,,,,,,,,
,,,,,,,,,,,,,,,,,,,,,,,,,,,,,,,,,,,,,,,,,,,,,,,,,,,,,,,,,,,,,,,,,,,,,,,,,,,,,,,,,
,,,,,,,,,,,,,,,,,,,,,,,,,,,,,,,,,,,,,,,,,,,,,,,,,,,,,,,,,,,,,,,,,,,,,,,,,,,,,,,,,
,,,,,,,,,,,,,,,,,,,,,,,,,,,,,,,,,,,,,,,,,,,,,,,,,,,,,,,,,,,,,,,,,,,,,,,,,,,,,,,,,
,,,,,,,,,,,,,,,,,,,,,,,,,,,,,,,,,,,,,,,,,,,,,,,,,,,,,,,,,,,,,,,,,,,,,,,,,,,,,,,,,
,,,,,,,,,,,,,,,,,,,,,,,,,,,,,,,,,,,,,,,,,,,,,,,,,,,,,,,,,,,,,,,,,,,,,,,,,,,,,,,,,
,,,,,,,,,,,,,,,,,,,,,,,,,,,,,,,,,,,,,,,,,,,,,,,,,,,,,,,,,,,,,,,,,,,,,,,,,,,,,,,,,
,,,,,,,,,,,,,,,,,,,,,,,,,,,,,,,,,,,,,,,,,,,,,,,,,,,,,,,,,,,,,,,,,,,,,,,,,,,,,,,,,
,,,,,,,,,,,,,,,,,,,,,,,,,,,,,,,,,,,,,,,,,,,,,,,,,,,,,,,,,,,,,,,,,,,,,,,,,,,,,,,,,
,,,,,,,,,,,,,,,,,,,,,,,,,,,,,,,,,,,,,,,,,,,,,,,,,,,,,,,,,,,,,,,,,,,,,,,,,,,,,,,,,
,,,,,,,,,,,,,,,,,,,,,,,,,,,,,,,,,,,,,,,,,,,,,,,,,,,,,,,,,,,,,,,,,,,,,,,,,,,,,,,,,
,,,,,,,,,,,,,,,,,,,,,,,,,,,,,,,,,,,,,,,,,,,,,,,,,,,,,,,,,,,,,,,,,,,,,,,,,,,,,,,,,
,,,,,,,,,,,,,,,,,,,,,,,,,,,,,,,,,,,,,,,,,,,,,,,,,,,,,,,,,,,,,,,,,,,,,,,,,,,,,,,,,
,,,,,,,,,,,,,,,,,,,,,,,,,,,,,,,,,,,,,,,,,,,,,,,,,,,,,,,,,,,,,,,,,,,,,,,,,,,,,,,,,
